league,date,home_team,away_team,b365_h,b365_x,b365_a
E0,2023-08-11,Burnley,Man City,8.0,5.5,1.33
E0,2023-08-12,Arsenal,Nott'm Forest,1.18,7.0,15.0
E0,2023-08-12,Bournemouth,West Ham,2.7,3.4,2.55
E0,2023-08-12,Brighton,Luton,1.33,5.5,9.0
E0,2023-08-12,Everton,Fulham,2.2,3.4,3.3
E0,2023-08-12,Sheffield United,Crystal Palace,3.0,3.3,2.38
E0,2023-08-12,Newcastle,Aston Villa,1.75,3.75,4.6
E0,2023-08-13,Brentford,Tottenham,2.75,3.4,2.45
E0,2023-08-13,Chelsea,Liverpool,2.9,3.4,2.38
E0,2023-08-14,Man United,Wolves,1.33,5.5,9.0
E0,2023-08-18,Nott'm Forest,Sheffield United,1.95,3.4,4.0
E0,2023-08-19,Fulham,Brentford,2.7,3.3,2.63
E0,2023-08-19,Liverpool,Bournemouth,1.2,7.0,13.0
E0,2023-08-19,Wolves,Brighton,4.0,3.8,1.85
E0,2023-08-19,Tottenham,Man United,2.8,3.6,2.38
E0,2023-08-19,Man City,Newcastle,1.67,4.0,5.0
E0,2023-08-20,Aston Villa,Everton,1.7,4.0,4.5
E0,2023-08-20,West Ham,Chelsea,3.75,3.5,2.0
E0,2023-08-21,Crystal Palace,Arsenal,5.5,4.0,1.6
E0,2023-08-25,Chelsea,Luton,1.29,5.5,11.0
E0,2023-08-26,Bournemouth,Tottenham,3.8,3.75,1.91
E0,2023-08-26,Arsenal,Fulham,1.2,7.0,13.0
E0,2023-08-26,Brentford,Crystal Palace,2.15,3.4,3.5
E0,2023-08-26,Everton,Wolves,2.3,3.3,3.2
E0,2023-08-26,Man United,Nott'm Forest,1.3,6.0,8.0
E0,2023-08-26,Brighton,West Ham,1.53,4.75,5.25
E0,2023-08-27,Burnley,Aston Villa,3.4,3.4,2.15
E0,2023-08-27,Sheffield United,Man City,13.0,8.0,1.17
E0,2023-08-27,Newcastle,Liverpool,2.2,3.75,3.0
E0,2023-09-01,Luton,West Ham,4.75,3.8,1.73
E0,2023-09-02,Sheffield United,Everton,2.9,3.25,2.5
E0,2023-09-02,Brentford,Bournemouth,1.73,3.8,4.75
E0,2023-09-02,Burnley,Tottenham,3.6,4.0,1.85
E0,2023-09-02,Chelsea,Nott'm Forest,1.4,4.5,8.5
E0,2023-09-02,Man City,Fulham,1.17,8.0,15.0
E0,2023-09-02,Brighton,Newcastle,2.5,3.8,2.55
E0,2023-09-03,Crystal Palace,Wolves,1.91,3.3,4.33
E0,2023-09-03,Liverpool,Aston Villa,1.65,4.5,4.5
E0,2023-09-03,Arsenal,Man United,1.75,3.8,4.5
E0,2023-09-16,Wolves,Liverpool,6.0,5.0,1.45
E0,2023-09-16,Aston Villa,Crystal Palace,1.91,3.6,4.0
E0,2023-09-16,Fulham,Luton,1.67,3.75,5.5
E0,2023-09-16,Man United,Brighton,2.15,4.0,2.88
E0,2023-09-16,Tottenham,Sheffield United,1.29,5.5,11.0
E0,2023-09-16,West Ham,Man City,7.0,4.5,1.45
E0,2023-09-16,Newcastle,Brentford,1.53,4.2,6.0
E0,2023-09-17,Bournemouth,Chelsea,4.33,3.75,1.8
E0,2023-09-17,Everton,Arsenal,6.0,4.5,1.5
E0,2023-09-18,Nott'm Forest,Burnley,2.2,3.5,3.25
E0,2023-09-23,Crystal Palace,Fulham,1.91,3.4,4.2
E0,2023-09-23,Luton,Wolves,3.25,3.4,2.2
E0,2023-09-23,Man City,Nott'm Forest,1.14,8.5,15.0
E0,2023-09-23,Brentford,Everton,1.8,3.8,4.2
E0,2023-09-23,Burnley,Man United,4.2,4.2,1.73
E0,2023-09-24,Arsenal,Tottenham,1.67,4.33,4.33
E0,2023-09-24,Brighton,Bournemouth,1.36,5.25,7.5
E0,2023-09-24,Chelsea,Aston Villa,1.91,3.75,3.8
E0,2023-09-24,Liverpool,West Ham,1.4,5.0,7.0
E0,2023-09-24,Sheffield United,Newcastle,7.0,4.75,1.44
E0,2023-09-30,Aston Villa,Brighton,2.55,3.75,2.55
E0,2023-09-30,Bournemouth,Arsenal,5.5,4.5,1.53
E0,2023-09-30,Everton,Luton,1.57,3.8,6.5
E0,2023-09-30,Man United,Crystal Palace,1.55,4.2,5.75
E0,2023-09-30,Newcastle,Burnley,1.3,5.75,9.0
E0,2023-09-30,West Ham,Sheffield United,1.45,4.5,7.0
E0,2023-09-30,Wolves,Man City,8.0,5.75,1.33
E0,2023-09-30,Tottenham,Liverpool,2.9,4.0,2.15
E0,2023-10-01,Nott'm Forest,Brentford,2.75,3.1,2.7
E0,2023-10-02,Fulham,Chelsea,3.6,3.5,2.05
E0,2023-10-03,Luton,Burnley,2.9,3.0,2.63
E0,2023-10-07,Luton,Tottenham,6.0,4.75,1.45
E0,2023-10-07,Burnley,Chelsea,4.5,3.8,1.73
E0,2023-10-07,Everton,Bournemouth,1.91,3.6,3.8
E0,2023-10-07,Fulham,Sheffield United,1.62,3.8,6.0
E0,2023-10-07,Man United,Brentford,1.67,4.2,4.75
E0,2023-10-07,Crystal Palace,Nott'm Forest,2.2,3.1,3.6
E0,2023-10-08,Brighton,Liverpool,3.0,3.8,2.2
E0,2023-10-08,West Ham,Newcastle,3.2,3.75,2.1
E0,2023-10-08,Wolves,Aston Villa,3.5,3.4,2.1
E0,2023-10-08,Arsenal,Man City,2.9,3.3,2.4
E0,2023-10-21,Liverpool,Everton,1.33,5.75,7.5
E0,2023-10-21,Bournemouth,Wolves,2.38,3.4,3.0
E0,2023-10-21,Brentford,Burnley,1.83,3.75,4.2
E0,2023-10-21,Man City,Brighton,1.4,5.25,6.5
E0,2023-10-21,Newcastle,Crystal Palace,1.45,4.5,7.0
E0,2023-10-21,Nott'm Forest,Luton,1.67,3.75,5.5
E0,2023-10-21,Chelsea,Arsenal,3.2,3.4,2.25
E0,2023-10-21,Sheffield United,Man United,6.5,5.25,1.4
E0,2023-10-22,Aston Villa,West Ham,1.85,3.6,4.0
E0,2023-10-23,Tottenham,Fulham,1.5,4.5,6.0
E0,2023-10-27,Crystal Palace,Tottenham,4.5,3.75,1.75
E0,2023-10-28,Chelsea,Brentford,1.65,4.0,5.25
E0,2023-10-28,Arsenal,Sheffield United,1.13,8.5,19.0
E0,2023-10-28,Bournemouth,Burnley,2.15,3.5,3.3
E0,2023-10-28,Wolves,Newcastle,4.2,4.0,1.75
E0,2023-10-29,West Ham,Everton,2.15,3.5,3.3
E0,2023-10-29,Aston Villa,Luton,1.25,6.5,9.5
E0,2023-10-29,Brighton,Fulham,1.55,4.2,5.5
E0,2023-10-29,Liverpool,Nott'm Forest,1.29,5.75,11.0
E0,2023-10-29,Man United,Man City,5.0,3.8,1.67
E0,2023-11-04,Fulham,Man United,3.2,3.6,2.2
E0,2023-11-04,Brentford,West Ham,2.05,3.6,3.5
E0,2023-11-04,Burnley,Crystal Palace,2.75,3.25,2.6
E0,2023-11-04,Everton,Brighton,3.1,3.6,2.2
E0,2023-11-04,Man City,Bournemouth,1.1,11.0,19.0
E0,2023-11-04,Sheffield United,Wolves,3.8,3.5,2.0
E0,2023-11-04,Newcastle,Arsenal,2.8,3.2,2.6
E0,2023-11-05,Nott'm Forest,Aston Villa,4.2,3.75,1.85
E0,2023-11-05,Luton,Liverpool,12.0,6.5,1.22
E0,2023-11-06,Tottenham,Chelsea,2.0,3.75,3.5
E0,2023-11-11,Wolves,Tottenham,3.1,3.75,2.2
E0,2023-11-11,Arsenal,Burnley,1.18,7.0,17.0
E0,2023-11-11,Crystal Palace,Everton,2.45,3.2,3.0
E0,2023-11-11,Man United,Luton,1.33,5.25,9.5
E0,2023-11-11,Bournemouth,Newcastle,4.75,4.0,1.73
E0,2023-11-12,Aston Villa,Fulham,1.57,4.2,5.5
E0,2023-11-12,Brighton,Sheffield United,1.25,5.75,13.0
E0,2023-11-12,Liverpool,Brentford,1.4,5.0,6.5
E0,2023-11-12,West Ham,Nott'm Forest,1.85,3.6,4.0
E0,2023-11-12,Chelsea,Man City,5.0,3.7,1.73
E0,2023-11-25,Man City,Liverpool,1.73,4.2,4.2
E0,2023-11-25,Burnley,West Ham,3.4,3.5,2.05
E0,2023-11-25,Luton,Crystal Palace,3.6,3.3,2.1
E0,2023-11-25,Newcastle,Chelsea,2.55,3.5,2.63
E0,2023-11-25,Nott'm Forest,Brighton,3.2,3.6,2.15
E0,2023-11-25,Sheffield United,Bournemouth,3.2,3.5,2.2
E0,2023-11-25,Brentford,Arsenal,4.5,3.75,1.75
E0,2023-11-26,Tottenham,Aston Villa,2.3,3.8,2.8
E0,2023-11-26,Everton,Man United,2.7,3.4,2.55
E0,2023-11-27,Fulham,Wolves,2.38,3.3,3.0
E0,2023-12-02,Arsenal,Wolves,1.25,5.5,12.0
E0,2023-12-02,Brentford,Luton,1.45,4.5,6.5
E0,2023-12-02,Burnley,Sheffield United,1.8,3.6,4.5
E0,2023-12-02,Nott'm Forest,Everton,2.75,3.25,2.6
E0,2023-12-02,Newcastle,Man United,1.91,3.75,3.8
E0,2023-12-03,Bournemouth,Aston Villa,3.4,4.0,1.95
E0,2023-12-03,Chelsea,Brighton,1.73,4.2,4.2
E0,2023-12-03,Liverpool,Fulham,1.25,6.5,9.0
E0,2023-12-03,West Ham,Crystal Palace,2.0,3.5,3.8
E0,2023-12-03,Man City,Tottenham,1.29,6.0,9.0
E0,2023-12-05,Wolves,Burnley,1.85,3.6,4.2
E0,2023-12-05,Luton,Arsenal,17.0,7.0,1.18
E0,2023-12-06,Brighton,Brentford,1.91,3.8,3.75
E0,2023-12-06,Crystal Palace,Bournemouth,2.25,3.5,3.1
E0,2023-12-06,Fulham,Nott'm Forest,2.0,3.4,3.75
E0,2023-12-06,Sheffield United,Liverpool,12.0,7.5,1.2
E0,2023-12-06,Aston Villa,Man City,4.75,4.2,1.7
E0,2023-12-06,Man United,Chelsea,2.88,3.4,2.45
E0,2023-12-07,Everton,Newcastle,3.25,3.25,2.25
E0,2023-12-07,Tottenham,West Ham,1.75,4.2,4.2
E0,2023-12-09,Crystal Palace,Liverpool,6.0,4.5,1.5
E0,2023-12-09,Brighton,Burnley,1.5,4.75,6.0
E0,2023-12-09,Man United,Bournemouth,1.55,4.33,5.75
E0,2023-12-09,Sheffield United,Brentford,4.2,3.8,1.75
E0,2023-12-09,Wolves,Nott'm Forest,1.85,3.6,4.33
E0,2023-12-09,Aston Villa,Arsenal,3.3,3.6,2.1
E0,2023-12-10,Everton,Chelsea,3.1,3.5,2.25
E0,2023-12-10,Fulham,West Ham,2.38,3.5,2.9
E0,2023-12-10,Luton,Man City,17.0,8.0,1.14
E0,2023-12-10,Tottenham,Newcastle,2.15,3.8,3.1
E0,2023-12-15,Nott'm Forest,Tottenham,4.2,4.2,1.73
E0,2023-12-16,Chelsea,Sheffield United,1.22,6.5,13.0
E0,2023-12-16,Man City,Crystal Palace,1.18,8.0,13.0
E0,2023-12-16,Newcastle,Fulham,1.8,3.8,4.0
E0,2023-12-16,Burnley,Everton,3.6,3.4,2.1
E0,2023-12-17,Arsenal,Brighton,1.44,5.0,6.0
E0,2023-12-17,Brentford,Aston Villa,3.2,3.75,2.1
E0,2023-12-17,West Ham,Wolves,2.15,3.5,3.3
E0,2023-12-17,Liverpool,Man United,1.3,6.0,8.0
E0,2023-12-21,Crystal Palace,Brighton,3.3,3.3,2.15
E0,2023-12-22,Aston Villa,Sheffield United,1.22,6.5,12.0
E0,2023-12-23,West Ham,Man United,2.6,3.6,2.6
E0,2023-12-23,Fulham,Burnley,1.67,3.75,5.25
E0,2023-12-23,Luton,Newcastle,4.75,4.2,1.65
E0,2023-12-23,Nott'm Forest,Bournemouth,2.75,3.4,2.55
E0,2023-12-23,Tottenham,Everton,1.75,4.2,4.0
E0,2023-12-23,Liverpool,Arsenal,2.38,3.6,2.8
E0,2023-12-24,Wolves,Chelsea,3.75,3.75,1.91
E0,2023-12-26,Newcastle,Nott'm Forest,1.5,4.33,5.75
E0,2023-12-26,Bournemouth,Fulham,2.15,3.6,3.2
E0,2023-12-26,Sheffield United,Luton,2.3,3.3,3.1
E0,2023-12-26,Burnley,Liverpool,6.5,5.25,1.4
E0,2023-12-26,Man United,Aston Villa,2.6,3.5,2.6
E0,2023-12-27,Brentford,Wolves,1.95,3.5,4.2
E0,2023-12-27,Chelsea,Crystal Palace,1.67,4.0,5.0
E0,2023-12-27,Everton,Man City,5.75,4.0,1.57
E0,2023-12-28,Brighton,Tottenham,2.5,3.6,2.6
E0,2023-12-28,Arsenal,West Ham,1.33,5.5,7.5
E0,2023-12-30,Luton,Chelsea,6.5,4.2,1.5
E0,2023-12-30,Aston Villa,Burnley,1.36,5.25,7.5
E0,2023-12-30,Crystal Palace,Brentford,2.2,3.3,3.4
E0,2023-12-30,Man City,Sheffield United,1.08,11.0,29.0
E0,2023-12-30,Wolves,Everton,2.63,3.3,2.7
E0,2023-12-30,Nott'm Forest,Man United,3.2,3.6,2.15
E0,2023-12-31,Fulham,Arsenal,5.25,4.5,1.55
E0,2023-12-31,Tottenham,Bournemouth,1.75,4.2,4.0
E0,2024-01-01,Liverpool,Newcastle,1.45,4.5,7.0
E0,2024-01-02,West Ham,Brighton,2.45,3.75,2.75
E0,2024-01-12,Burnley,Luton,2.0,3.6,3.6
E0,2024-01-13,Chelsea,Fulham,1.6,4.2,5.25
E0,2024-01-13,Newcastle,Man City,5.5,4.33,1.55
E0,2024-01-14,Everton,Aston Villa,2.8,3.5,2.45
E0,2024-01-14,Man United,Tottenham,2.2,3.75,3.0
E0,2024-01-20,Arsenal,Crystal Palace,1.3,5.75,9.0
E0,2024-01-20,Brentford,Nott'm Forest,1.91,3.6,4.0
E0,2024-01-21,Sheffield United,West Ham,3.4,3.3,2.2
E0,2024-01-21,Bournemouth,Liverpool,4.2,4.5,1.7
E0,2024-01-22,Brighton,Wolves,1.65,4.33,5.0
E0,2024-01-30,Nott'm Forest,Arsenal,7.5,5.0,1.4
E0,2024-01-30,Fulham,Everton,2.45,3.2,3.0
E0,2024-01-30,Luton,Brighton,4.2,4.2,1.75
E0,2024-01-30,Crystal Palace,Sheffield United,1.62,3.6,6.5
E0,2024-01-30,Aston Villa,Newcastle,1.85,4.0,3.8
E0,2024-01-31,Man City,Burnley,1.08,12.0,21.0
E0,2024-01-31,Tottenham,Brentford,1.67,4.2,4.75
E0,2024-01-31,Liverpool,Chelsea,1.57,4.33,5.25
E0,2024-02-01,West Ham,Bournemouth,2.4,3.75,2.75
E0,2024-02-01,Wolves,Man United,2.63,3.6,2.55
E0,2024-02-03,Everton,Tottenham,3.0,3.6,2.25
E0,2024-02-03,Brighton,Crystal Palace,1.7,4.0,4.75
E0,2024-02-03,Burnley,Fulham,2.9,3.4,2.38
E0,2024-02-03,Newcastle,Luton,1.44,4.75,6.5
E0,2024-02-03,Sheffield United,Aston Villa,5.25,4.2,1.62
E0,2024-02-04,Bournemouth,Nott'm Forest,1.7,4.2,4.5
E0,2024-02-04,Chelsea,Wolves,1.62,4.0,5.5
E0,2024-02-04,Man United,West Ham,1.62,4.2,5.0
E0,2024-02-04,Arsenal,Liverpool,2.2,3.6,3.1
E0,2024-02-05,Brentford,Man City,7.0,4.75,1.4
E0,2024-02-10,Man City,Everton,1.18,8.0,13.0
E0,2024-02-10,Fulham,Bournemouth,2.38,3.5,2.8
E0,2024-02-10,Liverpool,Burnley,1.17,8.0,17.0
E0,2024-02-10,Luton,Sheffield United,1.75,3.75,4.75
E0,2024-02-10,Tottenham,Brighton,1.8,4.2,3.8
E0,2024-02-10,Wolves,Brentford,2.1,3.6,3.4
E0,2024-02-10,Nott'm Forest,Newcastle,3.3,3.75,2.05
E0,2024-02-11,West Ham,Arsenal,6.0,4.33,1.53
E0,2024-02-11,Aston Villa,Man United,2.15,3.75,3.1
E0,2024-02-12,Crystal Palace,Chelsea,4.2,3.8,1.85
E0,2024-02-17,Brentford,Liverpool,5.5,4.33,1.57
E0,2024-02-17,Burnley,Arsenal,10.0,5.75,1.29
E0,2024-02-17,Fulham,Aston Villa,2.9,3.75,2.2
E0,2024-02-17,Newcastle,Bournemouth,1.83,4.2,3.75
E0,2024-02-17,Nott'm Forest,West Ham,2.38,3.5,2.9
E0,2024-02-17,Tottenham,Wolves,1.53,4.75,5.25
E0,2024-02-17,Man City,Chelsea,1.33,5.5,8.0
E0,2024-02-18,Sheffield United,Brighton,5.0,4.2,1.62
E0,2024-02-18,Luton,Man United,4.0,4.0,1.8
E0,2024-02-19,Everton,Crystal Palace,1.7,3.6,5.25
E0,2024-02-20,Man City,Brentford,1.18,8.0,13.0
E0,2024-02-21,Liverpool,Luton,1.2,7.0,13.0
E0,2024-02-24,Aston Villa,Nott'm Forest,1.53,4.5,5.75
E0,2024-02-24,Brighton,Everton,1.83,3.8,4.2
E0,2024-02-24,Crystal Palace,Burnley,1.95,3.5,4.0
E0,2024-02-24,Man United,Fulham,1.57,4.33,5.5
E0,2024-02-24,Bournemouth,Man City,7.0,5.25,1.4
E0,2024-02-24,Arsenal,Newcastle,1.36,5.25,8.0
E0,2024-02-25,Wolves,Sheffield United,1.44,4.75,7.0
E0,2024-02-26,West Ham,Brentford,2.5,3.5,2.75
E0,2024-03-02,Brentford,Chelsea,3.1,3.75,2.15
E0,2024-03-02,Everton,West Ham,2.05,3.6,3.5
E0,2024-03-02,Fulham,Brighton,2.55,3.6,2.63
E0,2024-03-02,Newcastle,Wolves,1.91,4.0,3.6
E0,2024-03-02,Nott'm Forest,Liverpool,6.0,4.33,1.53
E0,2024-03-02,Tottenham,Crystal Palace,1.5,4.33,6.5
E0,2024-03-02,Luton,Aston Villa,4.33,4.2,1.73
E0,2024-03-03,Burnley,Bournemouth,3.75,3.6,1.95
E0,2024-03-03,Man City,Man United,1.25,5.75,11.0
E0,2024-03-04,Sheffield United,Arsenal,17.0,7.0,1.18
E0,2024-03-09,Man United,Everton,1.83,3.6,4.0
E0,2024-03-09,Bournemouth,Sheffield United,1.33,5.25,8.0
E0,2024-03-09,Crystal Palace,Luton,1.75,3.8,4.2
E0,2024-03-09,Wolves,Fulham,2.5,3.4,2.75
E0,2024-03-09,Arsenal,Brentford,1.22,7.0,11.0
E0,2024-03-10,Aston Villa,Tottenham,2.38,4.0,2.6
E0,2024-03-10,Brighton,Nott'm Forest,1.8,4.0,4.0
E0,2024-03-10,West Ham,Burnley,1.67,4.0,4.75
E0,2024-03-10,Liverpool,Man City,3.0,3.75,2.2
E0,2024-03-11,Chelsea,Newcastle,1.91,4.0,3.6
E0,2024-03-13,Bournemouth,Luton,1.5,4.75,5.75
E0,2024-03-16,Burnley,Brentford,3.25,3.6,2.15
E0,2024-03-16,Luton,Nott'm Forest,2.8,3.5,2.45
E0,2024-03-16,Fulham,Tottenham,3.5,3.8,1.95
E0,2024-03-17,West Ham,Aston Villa,2.63,3.75,2.45
E0,2024-03-30,Newcastle,West Ham,1.83,4.2,3.8
E0,2024-03-30,Bournemouth,Everton,2.2,3.6,3.2
E0,2024-03-30,Chelsea,Burnley,1.29,6.0,9.5
E0,2024-03-30,Nott'm Forest,Crystal Palace,2.2,3.3,3.4
E0,2024-03-30,Sheffield United,Fulham,4.5,4.0,1.73
E0,2024-03-30,Tottenham,Luton,1.2,8.0,11.0
E0,2024-03-30,Aston Villa,Wolves,1.6,4.33,5.0
E0,2024-03-30,Brentford,Man United,3.0,3.8,2.2
E0,2024-03-31,Liverpool,Brighton,1.36,5.5,7.5
E0,2024-03-31,Man City,Arsenal,1.91,3.8,3.8
E0,2024-04-02,Newcastle,Everton,2.0,3.75,3.5
E0,2024-04-02,Nott'm Forest,Fulham,2.7,3.4,2.63
E0,2024-04-02,Bournemouth,Crystal Palace,1.95,3.8,3.6
E0,2024-04-02,Burnley,Wolves,2.45,3.6,2.75
E0,2024-04-02,West Ham,Tottenham,3.3,4.2,1.95
E0,2024-04-03,Arsenal,Luton,1.1,10.0,19.0
E0,2024-04-03,Brentford,Brighton,2.38,3.8,2.75
E0,2024-04-03,Man City,Aston Villa,1.3,6.0,8.0
E0,2024-04-04,Liverpool,Sheffield United,1.09,12.0,21.0
E0,2024-04-04,Chelsea,Man United,2.0,4.0,3.4
E0,2024-04-06,Crystal Palace,Man City,9.5,5.25,1.33
E0,2024-04-06,Aston Villa,Brentford,1.7,4.0,4.75
E0,2024-04-06,Everton,Burnley,1.65,4.0,5.25
E0,2024-04-06,Fulham,Newcastle,2.38,3.8,2.8
E0,2024-04-06,Luton,Bournemouth,3.75,3.8,1.91
E0,2024-04-06,Wolves,West Ham,2.5,3.6,2.7
E0,2024-04-06,Brighton,Arsenal,5.0,4.33,1.62
E0,2024-04-07,Man United,Liverpool,4.75,4.5,1.6
E0,2024-04-07,Sheffield United,Chelsea,7.0,5.25,1.4
E0,2024-04-07,Tottenham,Nott'm Forest,1.4,5.5,6.5
E0,2024-04-13,Newcastle,Tottenham,2.7,4.0,2.3
E0,2024-04-13,Brentford,Sheffield United,1.44,5.0,6.5
E0,2024-04-13,Burnley,Brighton,3.5,3.75,2.0
E0,2024-04-13,Man City,Luton,1.1,11.0,19.0
E0,2024-04-13,Nott'm Forest,Wolves,2.1,3.4,3.5
E0,2024-04-13,Bournemouth,Man United,2.4,3.9,2.6
E0,2024-04-14,Liverpool,Crystal Palace,1.22,7.0,12.0
E0,2024-04-14,West Ham,Fulham,2.38,3.6,2.8
E0,2024-04-14,Arsenal,Aston Villa,1.29,5.75,10.0
E0,2024-04-15,Chelsea,Everton,1.7,4.2,4.5
E0,2024-04-20,Luton,Brentford,3.1,3.75,2.15
E0,2024-04-20,Sheffield United,Burnley,2.75,3.6,2.45
E0,2024-04-20,Wolves,Arsenal,8.5,4.5,1.4
E0,2024-04-21,Everton,Nott'm Forest,2.05,3.5,3.6
E0,2024-04-21,Aston Villa,Bournemouth,1.85,4.0,3.6
E0,2024-04-21,Crystal Palace,West Ham,2.1,3.6,3.4
E0,2024-04-21,Fulham,Liverpool,5.25,4.5,1.57
E0,2024-04-23,Arsenal,Chelsea,1.44,5.0,6.0
E0,2024-04-24,Wolves,Bournemouth,2.7,3.6,2.5
E0,2024-04-24,Crystal Palace,Newcastle,2.75,3.6,2.4
E0,2024-04-24,Everton,Liverpool,7.0,5.0,1.4
E0,2024-04-24,Man United,Sheffield United,1.3,6.5,7.5
E0,2024-04-25,Brighton,Man City,6.5,5.0,1.4
E0,2024-04-27,West Ham,Liverpool,5.5,5.0,1.5
E0,2024-04-27,Fulham,Crystal Palace,2.1,3.5,3.5
E0,2024-04-27,Man United,Burnley,1.5,4.75,5.5
E0,2024-04-27,Newcastle,Sheffield United,1.22,7.0,11.0
E0,2024-04-27,Wolves,Luton,1.95,3.8,3.6
E0,2024-04-27,Everton,Brentford,2.3,3.5,3.0
E0,2024-04-27,Aston Villa,Chelsea,2.15,3.8,3.0
E0,2024-04-28,Bournemouth,Brighton,2.25,3.8,2.9
E0,2024-04-28,Tottenham,Arsenal,4.2,4.2,1.75
E0,2024-04-28,Nott'm Forest,Man City,8.0,6.0,1.3
E0,2024-05-02,Chelsea,Tottenham,2.15,3.8,3.0
E0,2024-05-03,Luton,Everton,2.6,3.6,2.55
E0,2024-05-04,Arsenal,Bournemouth,1.22,7.5,11.0
E0,2024-05-04,Brentford,Fulham,2.1,3.8,3.2
E0,2024-05-04,Burnley,Newcastle,3.4,4.0,1.95
E0,2024-05-04,Sheffield United,Nott'm Forest,4.75,4.2,1.65
E0,2024-05-04,Man City,Wolves,1.08,12.0,21.0
E0,2024-05-05,Brighton,Aston Villa,2.75,3.75,2.45
E0,2024-05-05,Chelsea,West Ham,1.65,4.5,4.5
E0,2024-05-05,Liverpool,Tottenham,1.5,5.75,5.0
E0,2024-05-06,Crystal Palace,Man United,2.38,3.75,2.8
E0,2024-05-11,Fulham,Man City,13.0,7.0,1.2
E0,2024-05-11,Bournemouth,Brentford,1.95,4.0,3.5
E0,2024-05-11,Everton,Sheffield United,1.4,4.8,7.5
E0,2024-05-11,Newcastle,Brighton,1.57,4.75,4.75
E0,2024-05-11,Tottenham,Burnley,1.36,5.75,7.0
E0,2024-05-11,West Ham,Luton,1.8,4.2,3.8
E0,2024-05-11,Wolves,Crystal Palace,2.88,3.5,2.38
E0,2024-05-11,Nott'm Forest,Chelsea,3.4,3.8,2.0
E0,2024-05-12,Man United,Arsenal,7.0,5.5,1.36
E0,2024-05-13,Aston Villa,Liverpool,4.2,4.33,1.7
E0,2024-05-14,Tottenham,Man City,6.5,6.0,1.36
E0,2024-05-15,Brighton,Chelsea,3.3,4.0,1.95
E0,2024-05-15,Man United,Newcastle,2.75,4.0,2.3
E0,2024-05-19,Arsenal,Everton,1.18,8.0,12.0
E0,2024-05-19,Brentford,Newcastle,2.9,3.9,2.2
E0,2024-05-19,Brighton,Man United,2.15,4.0,2.9
E0,2024-05-19,Burnley,Nott'm Forest,3.0,3.5,2.3
E0,2024-05-19,Chelsea,Bournemouth,1.45,5.0,6.0
E0,2024-05-19,Crystal Palace,Aston Villa,1.85,4.33,3.6
E0,2024-05-19,Liverpool,Wolves,1.17,8.0,15.0
E0,2024-05-19,Luton,Fulham,2.9,3.9,2.2
E0,2024-05-19,Man City,West Ham,1.08,12.0,21.0
E0,2024-05-19,Sheffield United,Tottenham,7.0,6.0,1.33
D1,2023-08-18,Werder Bremen,Bayern Munich,7.5,6.5,1.3
D1,2023-08-19,Augsburg,M'gladbach,2.7,3.6,2.45
D1,2023-08-19,Hoffenheim,Freiburg,2.3,3.6,2.9
D1,2023-08-19,Leverkusen,RB Leipzig,2.45,3.6,2.75
D1,2023-08-19,Stuttgart,Bochum,1.65,4.33,4.5
D1,2023-08-19,Wolfsburg,Heidenheim,1.6,4.2,5.25
D1,2023-08-19,Dortmund,FC Koln,1.4,5.0,7.0
D1,2023-08-20,Union Berlin,Mainz,1.95,3.5,3.9
D1,2023-08-20,Ein Frankfurt,Darmstadt,1.36,5.25,7.5
D1,2023-08-25,RB Leipzig,Stuttgart,1.5,4.75,5.75
D1,2023-08-26,Bochum,Dortmund,7.0,5.0,1.4
D1,2023-08-26,Darmstadt,Union Berlin,4.0,3.3,1.95
D1,2023-08-26,FC Koln,Wolfsburg,2.3,3.4,3.0
D1,2023-08-26,Freiburg,Werder Bremen,1.7,3.75,4.75
D1,2023-08-26,Heidenheim,Hoffenheim,3.0,3.6,2.25
D1,2023-08-26,M'gladbach,Leverkusen,3.8,3.8,1.85
D1,2023-08-27,Mainz,Ein Frankfurt,2.38,3.5,2.88
D1,2023-08-27,Bayern Munich,Augsburg,1.08,12.0,19.0
D1,2023-09-01,Dortmund,Heidenheim,1.25,7.0,9.5
D1,2023-09-02,Augsburg,Bochum,2.0,3.75,3.75
D1,2023-09-02,Hoffenheim,Wolfsburg,2.5,3.6,2.63
D1,2023-09-02,Leverkusen,Darmstadt,1.2,7.0,12.0
D1,2023-09-02,Stuttgart,Freiburg,2.2,3.5,3.2
D1,2023-09-02,Werder Bremen,Mainz,2.63,3.5,2.55
D1,2023-09-02,M'gladbach,Bayern Munich,8.5,5.75,1.3
D1,2023-09-03,Ein Frankfurt,FC Koln,2.1,3.4,3.5
D1,2023-09-03,Union Berlin,RB Leipzig,3.4,3.25,2.2
D1,2023-09-15,Bayern Munich,Leverkusen,1.65,4.5,4.5
D1,2023-09-16,FC Koln,Hoffenheim,2.25,3.6,3.1
D1,2023-09-16,Freiburg,Dortmund,3.1,3.8,2.1
D1,2023-09-16,Mainz,Stuttgart,2.63,3.4,2.7
D1,2023-09-16,RB Leipzig,Augsburg,1.25,7.0,10.0
D1,2023-09-16,Wolfsburg,Union Berlin,2.25,3.4,3.2
D1,2023-09-16,Bochum,Ein Frankfurt,2.88,3.6,2.38
D1,2023-09-17,Heidenheim,Werder Bremen,2.3,4.0,2.7
D1,2023-09-17,Darmstadt,M'gladbach,2.9,3.5,2.38
D1,2023-09-22,Stuttgart,Darmstadt,1.36,4.5,8.0
D1,2023-09-23,Augsburg,Mainz,2.55,3.5,2.63
D1,2023-09-23,Bayern Munich,Bochum,1.11,10.0,19.0
D1,2023-09-23,Dortmund,Wolfsburg,1.65,4.0,4.75
D1,2023-09-23,M'gladbach,RB Leipzig,4.75,4.75,1.57
D1,2023-09-23,Union Berlin,Hoffenheim,2.05,3.6,3.4
D1,2023-09-23,Werder Bremen,FC Koln,2.5,3.6,2.6
D1,2023-09-24,Leverkusen,Heidenheim,1.22,6.5,12.0
D1,2023-09-24,Ein Frankfurt,Freiburg,2.05,3.6,3.4
D1,2023-09-29,Hoffenheim,Dortmund,3.1,4.0,2.05
D1,2023-09-30,Bochum,M'gladbach,2.3,3.75,2.9
D1,2023-09-30,FC Koln,Stuttgart,2.88,3.5,2.38
D1,2023-09-30,Heidenheim,Union Berlin,3.0,3.6,2.25
D1,2023-09-30,Mainz,Leverkusen,5.75,4.5,1.53
D1,2023-09-30,Wolfsburg,Ein Frankfurt,2.05,3.5,3.5
D1,2023-09-30,RB Leipzig,Bayern Munich,3.4,4.2,1.91
D1,2023-10-01,Darmstadt,Werder Bremen,2.8,3.8,2.3
D1,2023-10-01,Freiburg,Augsburg,1.73,4.0,4.75
D1,2023-10-06,M'gladbach,Mainz,2.05,3.75,3.4
D1,2023-10-07,Augsburg,Darmstadt,1.85,3.75,4.0
D1,2023-10-07,Dortmund,Union Berlin,1.57,4.33,5.25
D1,2023-10-07,RB Leipzig,Bochum,1.25,6.0,11.0
D1,2023-10-07,Stuttgart,Wolfsburg,2.0,3.5,3.75
D1,2023-10-07,Werder Bremen,Hoffenheim,2.75,3.75,2.4
D1,2023-10-08,Leverkusen,FC Koln,1.33,5.5,8.0
D1,2023-10-08,Bayern Munich,Freiburg,1.14,8.5,17.0
D1,2023-10-08,Ein Frankfurt,Heidenheim,1.7,4.0,4.75
D1,2023-10-20,Dortmund,Werder Bremen,1.29,6.5,8.0
D1,2023-10-21,Darmstadt,RB Leipzig,6.5,4.75,1.44
D1,2023-10-21,Freiburg,Bochum,1.7,3.75,5.0
D1,2023-10-21,Hoffenheim,Ein Frankfurt,2.1,3.5,3.4
D1,2023-10-21,Union Berlin,Stuttgart,2.5,3.5,2.7
D1,2023-10-21,Wolfsburg,Leverkusen,4.33,4.0,1.75
D1,2023-10-21,Mainz,Bayern Munich,9.0,6.0,1.29
D1,2023-10-22,FC Koln,M'gladbach,2.4,3.6,2.88
D1,2023-10-22,Heidenheim,Augsburg,2.45,3.5,2.8
D1,2023-10-27,Bochum,Mainz,2.7,3.3,2.55
D1,2023-10-28,Augsburg,Wolfsburg,2.9,3.5,2.38
D1,2023-10-28,Bayern Munich,Darmstadt,1.06,12.0,26.0
D1,2023-10-28,M'gladbach,Heidenheim,1.8,4.0,4.0
D1,2023-10-28,Stuttgart,Hoffenheim,1.85,4.0,3.8
D1,2023-10-28,Werder Bremen,Union Berlin,2.7,3.3,2.6
D1,2023-10-28,RB Leipzig,FC Koln,1.44,4.75,7.0
D1,2023-10-29,Ein Frankfurt,Dortmund,3.4,3.4,2.15
D1,2023-10-29,Leverkusen,Freiburg,1.29,5.5,11.0
D1,2023-11-03,Darmstadt,Bochum,2.3,3.75,2.88
D1,2023-11-04,FC Koln,Augsburg,2.3,3.6,2.9
D1,2023-11-04,Freiburg,M'gladbach,2.1,3.8,3.2
D1,2023-11-04,Hoffenheim,Leverkusen,5.0,4.5,1.57
D1,2023-11-04,Mainz,RB Leipzig,5.75,4.2,1.6
D1,2023-11-04,Union Berlin,Ein Frankfurt,2.55,3.1,2.9
D1,2023-11-04,Dortmund,Bayern Munich,4.0,4.33,1.75
D1,2023-11-05,Wolfsburg,Werder Bremen,1.7,4.33,4.33
D1,2023-11-05,Heidenheim,Stuttgart,4.5,4.33,1.65
D1,2023-11-10,M'gladbach,Wolfsburg,2.3,3.8,2.7
D1,2023-11-11,Augsburg,Hoffenheim,2.63,3.6,2.55
D1,2023-11-11,Bayern Munich,Heidenheim,1.06,17.0,21.0
D1,2023-11-11,Darmstadt,Mainz,3.1,3.5,2.25
D1,2023-11-11,Stuttgart,Dortmund,2.55,3.75,2.55
D1,2023-11-11,Bochum,FC Koln,2.45,3.4,2.88
D1,2023-11-12,Leverkusen,Union Berlin,1.29,6.0,9.0
D1,2023-11-12,Werder Bremen,Ein Frankfurt,3.1,3.4,2.3
D1,2023-11-12,RB Leipzig,Freiburg,1.44,5.0,6.5
D1,2023-11-24,FC Koln,Bayern Munich,9.0,7.0,1.25
D1,2023-11-25,Dortmund,M'gladbach,1.45,5.5,5.25
D1,2023-11-25,Freiburg,Darmstadt,1.55,4.33,5.75
D1,2023-11-25,Union Berlin,Augsburg,1.95,3.6,3.8
D1,2023-11-25,Werder Bremen,Leverkusen,6.5,5.0,1.45
D1,2023-11-25,Wolfsburg,RB Leipzig,3.6,4.0,1.91
D1,2023-11-25,Ein Frankfurt,Stuttgart,2.6,3.6,2.6
D1,2023-11-26,Heidenheim,Bochum,2.2,3.6,3.1
D1,2023-11-26,Hoffenheim,Mainz,1.85,3.8,3.8
D1,2023-12-01,Darmstadt,FC Koln,2.63,3.4,2.6
D1,2023-12-02,Bochum,Wolfsburg,2.63,3.6,2.55
D1,2023-12-02,M'gladbach,Hoffenheim,2.2,4.0,2.88
D1,2023-12-02,RB Leipzig,Heidenheim,1.25,7.0,9.0
D1,2023-12-02,Stuttgart,Werder Bremen,1.4,5.25,6.5
D1,2023-12-03,Mainz,Freiburg,2.3,3.4,3.1
D1,2023-12-03,Leverkusen,Dortmund,1.62,4.5,4.75
D1,2023-12-03,Augsburg,Ein Frankfurt,2.63,3.6,2.55
D1,2023-12-08,Hoffenheim,Bochum,1.67,4.2,4.75
D1,2023-12-09,Ein Frankfurt,Bayern Munich,9.0,5.5,1.3
D1,2023-12-09,Heidenheim,Darmstadt,2.05,3.5,3.5
D1,2023-12-09,Union Berlin,M'gladbach,2.1,3.5,3.4
D1,2023-12-09,Werder Bremen,Augsburg,2.38,3.6,2.8
D1,2023-12-09,Wolfsburg,Freiburg,2.25,3.5,3.1
D1,2023-12-09,Dortmund,RB Leipzig,2.6,3.6,2.55
D1,2023-12-10,Stuttgart,Leverkusen,2.9,3.6,2.3
D1,2023-12-10,FC Koln,Mainz,2.3,3.5,3.0
D1,2023-12-15,M'gladbach,Werder Bremen,2.0,4.0,3.3
D1,2023-12-16,Augsburg,Dortmund,3.5,4.2,1.91
D1,2023-12-16,Bochum,Union Berlin,2.7,3.4,2.6
D1,2023-12-16,Darmstadt,Wolfsburg,3.1,3.6,2.2
D1,2023-12-16,Mainz,Heidenheim,1.67,4.2,4.75
D1,2023-12-16,RB Leipzig,Hoffenheim,1.45,5.0,6.0
D1,2023-12-17,Freiburg,FC Koln,1.8,3.8,4.2
D1,2023-12-17,Leverkusen,Ein Frankfurt,1.36,5.0,8.5
D1,2023-12-17,Bayern Munich,Stuttgart,1.45,5.25,5.5
D1,2023-12-19,Werder Bremen,RB Leipzig,5.0,4.5,1.57
D1,2023-12-19,Dortmund,Mainz,1.55,4.75,5.25
D1,2023-12-19,Hoffenheim,Darmstadt,1.44,5.0,6.5
D1,2023-12-20,Union Berlin,FC Koln,1.95,3.6,3.8
D1,2023-12-20,Ein Frankfurt,M'gladbach,1.83,4.0,3.8
D1,2023-12-20,Heidenheim,Freiburg,2.8,3.6,2.38
D1,2023-12-20,Leverkusen,Bochum,1.17,8.0,15.0
D1,2023-12-20,Stuttgart,Augsburg,1.36,5.25,7.5
D1,2023-12-20,Wolfsburg,Bayern Munich,6.5,5.75,1.36
D1,2024-01-12,Bayern Munich,Hoffenheim,1.14,9.0,12.0
D1,2024-01-13,Augsburg,Leverkusen,5.25,4.75,1.5
D1,2024-01-13,FC Koln,Heidenheim,2.05,3.6,3.4
D1,2024-01-13,Freiburg,Union Berlin,2.05,3.6,3.5
D1,2024-01-13,Mainz,Wolfsburg,2.2,3.4,3.25
D1,2024-01-13,RB Leipzig,Ein Frankfurt,1.45,4.5,7.5
D1,2024-01-13,Darmstadt,Dortmund,5.25,4.5,1.53
D1,2024-01-14,Bochum,Werder Bremen,2.15,3.6,3.1
D1,2024-01-14,M'gladbach,Stuttgart,3.5,4.0,1.91
D1,2024-01-20,Bochum,Stuttgart,3.6,3.8,1.95
D1,2024-01-20,Darmstadt,Ein Frankfurt,3.8,3.75,1.91
D1,2024-01-20,FC Koln,Dortmund,4.5,4.0,1.73
D1,2024-01-20,Freiburg,Hoffenheim,2.0,3.8,3.4
D1,2024-01-20,Heidenheim,Wolfsburg,2.7,3.5,2.55
D1,2024-01-20,RB Leipzig,Leverkusen,2.4,3.8,2.7
D1,2024-01-21,Bayern Munich,Werder Bremen,1.09,11.0,21.0
D1,2024-01-21,M'gladbach,Augsburg,1.91,3.8,3.8
D1,2024-01-24,Bayern Munich,Union Berlin,1.18,7.0,17.0
D1,2024-01-26,Ein Frankfurt,Mainz,2.15,3.4,3.5
D1,2024-01-27,Augsburg,Bayern Munich,8.5,5.75,1.3
D1,2024-01-27,Hoffenheim,Heidenheim,1.67,4.5,4.33
D1,2024-01-27,Stuttgart,RB Leipzig,2.63,3.8,2.4
D1,2024-01-27,Werder Bremen,Freiburg,2.4,3.5,2.88
D1,2024-01-27,Wolfsburg,FC Koln,1.83,3.75,4.2
D1,2024-01-27,Leverkusen,M'gladbach,1.29,5.5,10.0
D1,2024-01-28,Union Berlin,Darmstadt,1.62,3.8,5.75
D1,2024-01-28,Dortmund,Bochum,1.36,5.5,7.5
D1,2024-02-02,Heidenheim,Dortmund,3.75,4.5,1.8
D1,2024-02-03,Bayern Munich,M'gladbach,1.14,9.5,13.0
D1,2024-02-03,Bochum,Augsburg,2.15,3.4,3.4
D1,2024-02-03,Darmstadt,Leverkusen,9.5,6.5,1.25
D1,2024-02-03,Freiburg,Stuttgart,3.1,3.6,2.2
D1,2024-02-03,Mainz,Werder Bremen,2.1,3.5,3.5
D1,2024-02-03,FC Koln,Ein Frankfurt,3.25,3.4,2.2
D1,2024-02-04,Wolfsburg,Hoffenheim,2.1,3.75,3.2
D1,2024-02-04,RB Leipzig,Union Berlin,1.4,5.0,7.5
D1,2024-02-07,Mainz,Union Berlin,2.15,3.3,3.5
D1,2024-02-09,Dortmund,Freiburg,1.45,4.75,6.5
D1,2024-02-10,Augsburg,RB Leipzig,4.0,4.2,1.75
D1,2024-02-10,Ein Frankfurt,Bochum,1.73,3.8,4.75
D1,2024-02-10,M'gladbach,Darmstadt,1.6,4.5,5.0
D1,2024-02-10,Union Berlin,Wolfsburg,2.25,3.4,3.2
D1,2024-02-10,Werder Bremen,Heidenheim,1.8,3.8,4.33
D1,2024-02-10,Leverkusen,Bayern Munich,2.63,3.8,2.4
D1,2024-02-11,Stuttgart,Mainz,1.44,4.5,7.5
D1,2024-02-11,Hoffenheim,FC Koln,1.8,3.8,4.33
D1,2024-02-16,FC Koln,Werder Bremen,2.4,3.4,2.88
D1,2024-02-17,Darmstadt,Stuttgart,6.5,4.75,1.44
D1,2024-02-17,Heidenheim,Leverkusen,8.0,5.75,1.33
D1,2024-02-17,Hoffenheim,Union Berlin,2.0,3.6,3.6
D1,2024-02-17,Mainz,Augsburg,2.0,3.5,3.8
D1,2024-02-17,Wolfsburg,Dortmund,3.2,3.8,2.1
D1,2024-02-17,RB Leipzig,M'gladbach,1.36,5.5,7.0
D1,2024-02-18,Freiburg,Ein Frankfurt,2.3,3.4,3.1
D1,2024-02-18,Bochum,Bayern Munich,8.0,5.75,1.33
D1,2024-02-23,Leverkusen,Mainz,1.22,6.5,13.0
D1,2024-02-24,M'gladbach,Bochum,2.0,3.8,3.5
D1,2024-02-24,Stuttgart,FC Koln,1.3,5.25,10.0
D1,2024-02-24,Union Berlin,Heidenheim,2.0,3.5,3.75
D1,2024-02-24,Werder Bremen,Darmstadt,1.65,4.2,5.0
D1,2024-02-24,Bayern Munich,RB Leipzig,1.67,4.33,4.5
D1,2024-02-25,Ein Frankfurt,Wolfsburg,2.25,3.4,3.2
D1,2024-02-25,Dortmund,Hoffenheim,1.5,5.0,5.5
D1,2024-02-25,Augsburg,Freiburg,2.2,3.6,3.1
D1,2024-03-01,Freiburg,Bayern Munich,5.75,4.75,1.5
D1,2024-03-02,Bochum,RB Leipzig,5.0,4.2,1.62
D1,2024-03-02,Darmstadt,Augsburg,2.9,3.3,2.4
D1,2024-03-02,Heidenheim,Ein Frankfurt,2.8,3.3,2.5
D1,2024-03-02,Mainz,M'gladbach,1.91,3.75,3.75
D1,2024-03-02,Union Berlin,Dortmund,3.4,3.6,2.05
D1,2024-03-02,Wolfsburg,Stuttgart,3.3,3.5,2.15
D1,2024-03-03,FC Koln,Leverkusen,9.0,4.75,1.36
D1,2024-03-03,Hoffenheim,Werder Bremen,1.91,4.0,3.6
D1,2024-03-08,Stuttgart,Union Berlin,1.45,4.5,7.0
D1,2024-03-09,Augsburg,Heidenheim,1.85,4.2,3.5
D1,2024-03-09,Bayern Munich,Mainz,1.25,7.0,10.0
D1,2024-03-09,M'gladbach,FC Koln,1.83,4.0,4.0
D1,2024-03-09,RB Leipzig,Darmstadt,1.14,8.5,15.0
D1,2024-03-09,Werder Bremen,Dortmund,3.5,4.33,1.85
D1,2024-03-10,Bochum,Freiburg,2.2,3.75,3.0
D1,2024-03-10,Ein Frankfurt,Hoffenheim,2.0,4.0,3.3
D1,2024-03-10,Leverkusen,Wolfsburg,1.33,5.75,8.5
D1,2024-03-15,FC Koln,RB Leipzig,6.5,4.75,1.45
D1,2024-03-16,Darmstadt,Bayern Munich,17.0,8.0,1.14
D1,2024-03-16,Heidenheim,M'gladbach,2.45,3.6,2.7
D1,2024-03-16,Mainz,Bochum,1.8,3.8,4.33
D1,2024-03-16,Union Berlin,Werder Bremen,2.05,3.4,3.8
D1,2024-03-16,Wolfsburg,Augsburg,2.05,3.5,3.5
D1,2024-03-16,Hoffenheim,Stuttgart,3.8,4.0,1.83
D1,2024-03-17,Freiburg,Leverkusen,6.0,4.33,1.53
D1,2024-03-17,Dortmund,Ein Frankfurt,1.62,4.2,5.0
D1,2024-03-30,Ein Frankfurt,Union Berlin,2.0,3.5,3.8
D1,2024-03-30,Leverkusen,Hoffenheim,1.2,7.5,12.0
D1,2024-03-30,M'gladbach,Freiburg,2.2,3.6,3.2
D1,2024-03-30,RB Leipzig,Mainz,1.4,5.25,7.5
D1,2024-03-30,Werder Bremen,Wolfsburg,2.88,3.5,2.4
D1,2024-03-30,Bayern Munich,Dortmund,1.4,5.75,6.0
D1,2024-03-31,Augsburg,FC Koln,1.75,4.0,4.5
D1,2024-03-31,Stuttgart,Heidenheim,1.25,6.0,10.0
D1,2024-03-31,Bochum,Darmstadt,1.62,4.0,5.25
D1,2024-04-05,Ein Frankfurt,Werder Bremen,1.75,3.8,4.5
D1,2024-04-06,FC Koln,Bochum,2.25,3.5,3.1
D1,2024-04-06,Freiburg,RB Leipzig,4.75,4.33,1.65
D1,2024-04-06,Heidenheim,Bayern Munich,6.5,6.0,1.36
D1,2024-04-06,Mainz,Darmstadt,1.4,5.0,7.5
D1,2024-04-06,Union Berlin,Leverkusen,5.75,4.33,1.55
D1,2024-04-06,Dortmund,Stuttgart,2.25,4.0,2.8
D1,2024-04-07,Hoffenheim,Augsburg,2.2,4.0,2.9
D1,2024-04-07,Wolfsburg,M'gladbach,1.85,4.0,3.8
D1,2024-04-12,Augsburg,Union Berlin,2.1,3.4,3.4
D1,2024-04-13,Bayern Munich,FC Koln,1.22,7.5,11.0
D1,2024-04-13,Bochum,Heidenheim,2.05,3.75,3.3
D1,2024-04-13,Mainz,Hoffenheim,1.95,4.0,3.4
D1,2024-04-13,M'gladbach,Dortmund,3.25,4.0,2.0
D1,2024-04-13,RB Leipzig,Wolfsburg,1.36,5.0,8.0
D1,2024-04-13,Stuttgart,Ein Frankfurt,1.53,4.5,5.5
D1,2024-04-14,Darmstadt,Freiburg,4.0,3.8,1.83
D1,2024-04-14,Leverkusen,Werder Bremen,1.2,7.0,13.0
D1,2024-04-19,Ein Frankfurt,Augsburg,2.0,3.75,3.5
D1,2024-04-20,FC Koln,Darmstadt,1.5,4.75,5.75
D1,2024-04-20,Heidenheim,RB Leipzig,5.75,5.25,1.45
D1,2024-04-20,Hoffenheim,M'gladbach,2.1,4.0,3.1
D1,2024-04-20,Wolfsburg,Bochum,1.75,4.0,4.33
D1,2024-04-20,Union Berlin,Bayern Munich,4.75,4.5,1.62
D1,2024-04-21,Werder Bremen,Stuttgart,4.75,4.75,1.57
D1,2024-04-21,Dortmund,Leverkusen,2.55,3.8,2.55
D1,2024-04-21,Freiburg,Mainz,2.6,3.5,2.6
D1,2024-04-26,Bochum,Hoffenheim,2.15,4.0,2.9
D1,2024-04-27,Augsburg,Werder Bremen,1.8,4.0,4.0
D1,2024-04-27,Bayern Munich,Ein Frankfurt,1.4,5.25,7.0
D1,2024-04-27,Freiburg,Wolfsburg,2.3,3.6,2.88
D1,2024-04-27,RB Leipzig,Dortmund,1.67,4.33,4.5
D1,2024-04-27,Leverkusen,Stuttgart,1.75,4.2,4.33
D1,2024-04-28,M'gladbach,Union Berlin,2.3,3.5,3.0
D1,2024-04-28,Mainz,FC Koln,1.55,4.33,6.0
D1,2024-04-28,Darmstadt,Heidenheim,3.3,3.75,2.1
D1,2024-05-03,Hoffenheim,RB Leipzig,5.25,5.0,1.5
D1,2024-05-04,Dortmund,Augsburg,1.85,4.33,3.6
D1,2024-05-04,Stuttgart,Bayern Munich,2.1,4.0,3.1
D1,2024-05-04,Werder Bremen,M'gladbach,2.25,3.75,3.0
D1,2024-05-04,Wolfsburg,Darmstadt,1.4,5.0,8.0
D1,2024-05-04,FC Koln,Freiburg,2.3,3.75,2.88
D1,2024-05-05,Union Berlin,Bochum,1.95,3.5,4.0
D1,2024-05-05,Ein Frankfurt,Leverkusen,3.2,3.5,2.2
D1,2024-05-05,Heidenheim,Mainz,3.0,3.5,2.3
D1,2024-05-10,Augsburg,Stuttgart,4.0,4.2,1.75
D1,2024-05-11,FC Koln,Union Berlin,2.8,3.3,2.55
D1,2024-05-11,Freiburg,Heidenheim,1.7,4.0,4.5
D1,2024-05-11,M'gladbach,Ein Frankfurt,2.45,3.75,2.63
D1,2024-05-11,RB Leipzig,Werder Bremen,1.29,6.5,8.0
D1,2024-05-11,Mainz,Dortmund,2.2,3.6,3.1
D1,2024-05-12,Darmstadt,Hoffenheim,4.75,4.5,1.62
D1,2024-05-12,Bayern Munich,Wolfsburg,1.33,6.0,7.5
D1,2024-05-12,Bochum,Leverkusen,4.2,4.33,1.7
D1,2024-05-18,Dortmund,Darmstadt,1.17,8.5,13.0
D1,2024-05-18,Ein Frankfurt,RB Leipzig,2.8,3.8,2.3
D1,2024-05-18,Heidenheim,FC Koln,2.3,4.0,2.7
D1,2024-05-18,Hoffenheim,Bayern Munich,2.88,4.5,2.0
D1,2024-05-18,Leverkusen,Augsburg,1.3,6.0,9.0
D1,2024-05-18,Stuttgart,M'gladbach,1.29,6.25,8.5
D1,2024-05-18,Union Berlin,Freiburg,2.1,3.4,3.5
D1,2024-05-18,Werder Bremen,Bochum,2.38,3.6,2.8
D1,2024-05-18,Wolfsburg,Mainz,3.2,3.5,2.2
I1,2025-08-23,Genoa,Lecce,1.9,3.3,4.5
I1,2025-08-23,Sassuolo,Napoli,6.0,4.0,1.57
I1,2025-08-23,Milan,Cremonese,1.33,5.25,9.0
I1,2025-08-23,Roma,Bologna,2.1,3.3,3.5
I1,2025-08-24,Cagliari,Fiorentina,3.25,3.3,2.25
I1,2025-08-24,Como,Lazio,2.4,3.25,3.0
I1,2025-08-24,Atalanta,Pisa,1.4,5.0,7.0
I1,2025-08-24,Juventus,Parma,1.42,4.75,7.5
I1,2025-08-25,Udinese,Verona,1.95,3.3,4.1
I1,2025-08-25,Inter,Torino,1.42,4.75,7.5
I1,2025-08-29,Cremonese,Sassuolo,2.6,3.2,2.75
I1,2025-08-29,Lecce,Milan,6.0,3.9,1.57
I1,2025-08-30,Bologna,Como,2.45,3.1,3.1
I1,2025-08-30,Parma,Atalanta,4.1,3.5,1.91
I1,2025-08-30,Napoli,Cagliari,1.3,5.0,11.0
I1,2025-08-30,Pisa,Roma,5.25,3.6,1.7
I1,2025-08-31,Genoa,Juventus,4.5,3.4,1.85
I1,2025-08-31,Torino,Fiorentina,3.2,3.1,2.4
I1,2025-08-31,Inter,Udinese,1.3,5.25,9.5
I1,2025-08-31,Lazio,Verona,1.48,4.33,7.0
I1,2025-09-13,Cagliari,Parma,2.15,3.2,3.6
I1,2025-09-13,Juventus,Inter,2.75,3.0,2.75
I1,2025-09-13,Fiorentina,Napoli,3.5,3.1,2.25
I1,2025-09-14,Roma,Torino,1.5,4.1,7.0
I1,2025-09-14,Atalanta,Lecce,1.4,4.5,8.5
I1,2025-09-14,Pisa,Udinese,2.75,3.1,2.75
I1,2025-09-14,Sassuolo,Lazio,3.5,3.6,2.05
I1,2025-09-14,Milan,Bologna,1.91,3.4,4.2
I1,2025-09-15,Verona,Cremonese,2.38,3.1,3.2
I1,2025-09-15,Como,Genoa,1.62,3.75,6.0
I1,2025-09-19,Lecce,Cagliari,2.88,2.9,2.75
I1,2025-09-20,Bologna,Genoa,1.83,3.2,5.25
I1,2025-09-20,Verona,Juventus,6.5,3.9,1.55
I1,2025-09-20,Udinese,Milan,4.33,3.6,1.83
I1,2025-09-21,Lazio,Roma,2.8,3.1,2.63
I1,2025-09-21,Cremonese,Parma,2.55,3.2,2.88
I1,2025-09-21,Torino,Atalanta,3.25,3.4,2.2
I1,2025-09-21,Fiorentina,Como,2.6,3.2,2.8
I1,2025-09-21,Inter,Sassuolo,1.29,5.5,12.0
I1,2025-09-22,Napoli,Pisa,1.27,5.75,12.0
I1,2025-09-27,Como,Cremonese,1.45,4.33,8.0
I1,2025-09-27,Juventus,Atalanta,1.85,3.6,4.2
I1,2025-09-27,Cagliari,Inter,6.0,4.2,1.53
I1,2025-09-28,Sassuolo,Udinese,2.3,3.2,3.3
I1,2025-09-28,Pisa,Fiorentina,3.3,3.25,2.25
I1,2025-09-28,Roma,Verona,1.42,4.2,8.5
I1,2025-09-28,Lecce,Bologna,4.2,3.0,2.05
I1,2025-09-28,Milan,Napoli,2.35,3.1,3.2
I1,2025-09-29,Parma,Torino,2.3,3.1,3.4
I1,2025-09-29,Genoa,Lazio,3.0,3.0,2.6
I1,2025-10-03,Verona,Sassuolo,2.5,3.1,3.0
I1,2025-10-04,Lazio,Torino,1.7,3.6,5.25
I1,2025-10-04,Parma,Lecce,1.85,3.7,4.1
I1,2025-10-04,Inter,Cremonese,1.2,6.5,15.0
I1,2025-10-04,Atalanta,Como,2.2,3.4,3.25
I1,2025-10-05,Udinese,Cagliari,2.15,3.2,3.6
I1,2025-10-05,Bologna,Pisa,1.6,3.9,5.75
I1,2025-10-05,Fiorentina,Roma,3.0,3.3,2.4
I1,2025-10-05,Napoli,Genoa,1.48,4.0,8.0
I1,2025-10-05,Juventus,Milan,2.7,3.2,2.7
I1,2025-10-18,Lecce,Sassuolo,2.9,3.2,2.5
I1,2025-10-18,Pisa,Verona,2.55,3.1,2.9
I1,2025-10-18,Torino,Napoli,5.25,3.3,1.8
I1,2025-10-18,Roma,Inter,3.3,3.25,2.25
I1,2025-10-19,Como,Juventus,2.88,3.25,2.5
I1,2025-10-19,Cagliari,Bologna,3.6,3.3,2.1
I1,2025-10-19,Genoa,Parma,2.1,3.0,4.0
I1,2025-10-19,Atalanta,Lazio,1.73,4.0,4.5
I1,2025-10-19,Milan,Fiorentina,1.5,4.33,6.5
I1,2025-10-20,Cremonese,Udinese,3.0,3.25,2.4
I1,2025-10-24,Milan,Pisa,1.3,5.5,10.0
I1,2025-10-25,Parma,Como,3.9,3.5,1.95
I1,2025-10-25,Udinese,Lecce,1.8,3.4,4.75
I1,2025-10-25,Napoli,Inter,3.0,3.1,2.4
I1,2025-10-25,Cremonese,Atalanta,5.0,4.2,1.62
I1,2025-10-26,Torino,Genoa,2.25,2.9,3.5
I1,2025-10-26,Sassuolo,Roma,4.5,3.5,1.85
I1,2025-10-26,Verona,Cagliari,2.25,3.0,3.6
I1,2025-10-26,Fiorentina,Bologna,2.7,3.1,2.75
I1,2025-10-26,Lazio,Juventus,3.2,3.25,2.3
I1,2025-10-28,Lecce,Napoli,6.5,3.75,1.55
I1,2025-10-28,Atalanta,Milan,2.63,3.2,2.75
I1,2025-10-29,Como,Verona,1.6,3.6,6.5
I1,2025-10-29,Juventus,Udinese,1.44,4.1,8.5
I1,2025-10-29,Roma,Parma,1.53,3.75,7.5
I1,2025-10-29,Bologna,Torino,1.75,3.5,5.0
I1,2025-10-29,Genoa,Cremonese,1.85,3.25,4.75
I1,2025-10-29,Inter,Fiorentina,1.38,4.5,8.5
I1,2025-10-30,Cagliari,Sassuolo,2.6,3.1,2.88
I1,2025-10-30,Pisa,Lazio,3.7,3.25,2.1
I1,2025-11-01,Udinese,Atalanta,4.5,3.6,1.8
I1,2025-11-01,Napoli,Como,1.95,3.1,4.5
I1,2025-11-01,Cremonese,Juventus,6.5,4.33,1.5
I1,2025-11-02,Verona,Inter,7.5,4.5,1.42
I1,2025-11-02,Fiorentina,Lecce,1.62,3.8,5.75
I1,2025-11-02,Torino,Pisa,1.95,3.25,4.33
I1,2025-11-02,Parma,Bologna,4.2,3.0,2.05
I1,2025-11-02,Milan,Roma,2.2,3.0,3.7
I1,2025-11-03,Sassuolo,Genoa,2.45,3.0,3.2
I1,2025-11-03,Lazio,Cagliari,1.53,3.8,7.0
I1,2025-11-07,Pisa,Cremonese,2.25,3.1,3.4
I1,2025-11-08,Como,Cagliari,1.48,4.5,6.5
I1,2025-11-08,Lecce,Verona,2.75,2.9,2.9
I1,2025-11-08,Juventus,Torino,1.5,4.1,7.0
I1,2025-11-08,Parma,Milan,5.75,4.0,1.57
I1,2025-11-09,Atalanta,Sassuolo,1.44,4.5,7.0
I1,2025-11-09,Bologna,Napoli,3.0,3.1,2.55
I1,2025-11-09,Genoa,Fiorentina,2.75,3.0,2.75
I1,2025-11-09,Roma,Udinese,1.55,4.0,6.25
I1,2025-11-09,Inter,Lazio,1.36,5.0,8.0
I1,2025-11-22,Cagliari,Genoa,2.88,3.0,2.75
I1,2025-11-22,Udinese,Bologna,3.75,3.2,2.1
I1,2025-11-22,Fiorentina,Juventus,3.9,3.4,2.0
I1,2025-11-22,Napoli,Atalanta,2.25,3.25,3.4
I1,2025-11-23,Verona,Parma,2.25,3.0,3.6
I1,2025-11-23,Cremonese,Roma,6.0,3.75,1.62
I1,2025-11-23,Lazio,Lecce,1.62,3.7,6.25
I1,2025-11-23,Inter,Milan,1.9,3.5,4.0
I1,2025-11-24,Torino,Como,3.5,3.25,2.2
I1,2025-11-24,Sassuolo,Pisa,2.1,3.2,3.75
I1,2025-11-28,Como,Sassuolo,1.73,3.6,5.0
I1,2025-11-29,Genoa,Verona,2.05,3.0,4.2
I1,2025-11-29,Parma,Udinese,2.7,3.0,2.8
I1,2025-11-29,Juventus,Cagliari,1.3,5.5,10.0
I1,2025-11-29,Milan,Lazio,1.62,3.8,5.75
I1,2025-11-30,Lecce,Torino,3.0,2.88,2.7
I1,2025-11-30,Pisa,Inter,8.0,5.75,1.3
I1,2025-11-30,Atalanta,Fiorentina,1.73,3.75,4.75
I1,2025-11-30,Roma,Napoli,2.6,2.88,3.1
I1,2025-12-01,Bologna,Cremonese,1.48,4.0,8.0
I1,2025-12-06,Sassuolo,Fiorentina,2.88,3.25,2.5
I1,2025-12-06,Inter,Como,1.53,4.33,6.0
I1,2025-12-06,Verona,Atalanta,5.0,4.0,1.67
I1,2025-12-07,Cremonese,Lecce,2.4,3.1,3.2
I1,2025-12-07,Cagliari,Roma,5.25,3.6,1.67
I1,2025-12-07,Lazio,Bologna,2.6,3.1,2.9
I1,2025-12-07,Napoli,Juventus,2.35,3.0,3.2
I1,2025-12-08,Pisa,Parma,2.4,3.0,3.3
I1,2025-12-08,Udinese,Genoa,2.4,3.0,3.3
I1,2025-12-08,Torino,Milan,4.5,3.6,1.8
I1,2025-12-12,Lecce,Pisa,2.5,2.88,3.3
I1,2025-12-13,Torino,Cremonese,1.95,3.25,4.2
I1,2025-12-13,Parma,Lazio,3.6,3.3,2.1
I1,2025-12-13,Atalanta,Cagliari,1.33,5.0,9.5
I1,2025-12-14,Milan,Sassuolo,1.42,4.33,8.0
I1,2025-12-14,Fiorentina,Verona,1.8,3.4,4.75
I1,2025-12-14,Udinese,Napoli,4.5,3.4,1.85
I1,2025-12-14,Genoa,Inter,6.5,4.2,1.5
I1,2025-12-14,Bologna,Juventus,2.88,3.25,2.5
I1,2025-12-15,Roma,Como,2.1,3.3,3.6
I1,2025-12-20,Lazio,Cremonese,1.62,3.8,5.75
I1,2025-12-20,Juventus,Roma,1.95,3.2,4.33
I1,2025-12-21,Cagliari,Pisa,2.15,3.1,3.75
I1,2025-12-21,Sassuolo,Torino,2.3,3.2,3.3
I1,2025-12-21,Fiorentina,Udinese,2.2,3.3,3.4
I1,2025-12-21,Genoa,Atalanta,4.0,3.4,1.95
I1,2025-12-27,Parma,Fiorentina,3.5,3.0,2.25
I1,2025-12-27,Lecce,Como,4.75,3.3,1.8
I1,2025-12-27,Torino,Cagliari,1.91,3.2,4.2
I1,2025-12-27,Udinese,Lazio,3.1,3.0,2.45
I1,2025-12-27,Pisa,Juventus,7.5,4.5,1.4
I1,2025-12-28,Milan,Verona,1.38,4.75,8.5
I1,2025-12-28,Cremonese,Napoli,6.25,3.9,1.55
I1,2025-12-28,Bologna,Sassuolo,1.75,3.6,4.75
I1,2025-12-28,Atalanta,Inter,3.5,3.5,2.0
I1,2025-12-29,Roma,Genoa,1.6,3.6,6.25
I1,2026-01-02,Cagliari,Milan,6.0,3.9,1.6
I1,2026-01-03,Como,Udinese,1.73,3.8,4.75
I1,2026-01-03,Genoa,Pisa,1.9,3.1,4.75
I1,2026-01-03,Sassuolo,Parma,1.91,3.3,4.33
I1,2026-01-03,Juventus,Lecce,1.27,5.5,13.0
I1,2026-01-03,Atalanta,Roma,2.3,3.2,3.3
I1,2026-01-04,Lazio,Napoli,3.4,3.1,2.3
I1,2026-01-04,Fiorentina,Cremonese,1.8,3.4,5.0
I1,2026-01-04,Verona,Torino,2.7,3.0,2.9
I1,2026-01-04,Inter,Bologna,1.42,4.75,7.5
I1,2026-01-06,Pisa,Como,5.5,3.4,1.7
I1,2026-01-06,Lecce,Roma,5.25,3.5,1.73
I1,2026-01-06,Sassuolo,Juventus,5.0,3.9,1.67
I1,2026-01-07,Bologna,Atalanta,2.75,3.3,2.6
I1,2026-01-07,Napoli,Verona,1.36,5.5,7.5
I1,2026-01-07,Lazio,Fiorentina,2.4,3.1,3.2
I1,2026-01-07,Parma,Inter,7.5,5.0,1.4
I1,2026-01-07,Torino,Udinese,2.3,3.0,3.4
I1,2026-01-08,Cremonese,Cagliari,2.4,3.1,3.2
I1,2026-01-08,Milan,Genoa,1.44,4.5,7.5
I1,2026-01-10,Como,Bologna,1.95,3.3,4.2
I1,2026-01-10,Udinese,Pisa,1.83,3.4,4.6
I1,2026-01-10,Roma,Sassuolo,1.53,4.0,6.5
I1,2026-01-10,Atalanta,Torino,1.6,3.9,6.0
I1,2026-01-11,Lecce,Parma,2.75,3.0,2.88
I1,2026-01-11,Fiorentina,Milan,3.8,3.4,2.0
I1,2026-01-11,Verona,Lazio,3.4,3.0,2.35
I1,2026-01-11,Inter,Napoli,1.7,3.5,5.25
I1,2026-01-12,Genoa,Cagliari,2.1,3.0,4.2
I1,2026-01-12,Juventus,Cremonese,1.25,6.0,13.0
I1,2026-01-14,Napoli,Parma,1.3,5.25,10.5
I1,2026-01-14,Inter,Lecce,1.13,9.0,19.0
I1,2026-01-15,Verona,Bologna,3.6,3.3,2.1
I1,2026-01-15,Como,Milan,2.9,3.25,2.5
I1,2026-01-16,Pisa,Atalanta,6.5,3.9,1.55
I1,2026-01-17,Udinese,Inter,7.0,4.75,1.42
I1,2026-01-17,Napoli,Sassuolo,1.48,4.33,7.5
I1,2026-01-17,Cagliari,Juventus,6.25,4.2,1.5
I1,2026-01-18,Parma,Genoa,2.9,2.55,3.0
I1,2026-01-18,Bologna,Fiorentina,2.2,3.3,3.4
I1,2026-01-18,Torino,Roma,3.75,3.1,2.15
I1,2026-01-18,Milan,Lecce,1.29,5.0,13.0
I1,2026-01-19,Cremonese,Verona,2.63,2.9,3.1
I1,2026-01-19,Lazio,Como,2.7,2.9,3.0
I1,2026-01-23,Inter,Pisa,1.18,7.5,15.0
I1,2026-01-24,Como,Torino,1.62,3.75,6.0
I1,2026-01-24,Fiorentina,Cagliari,1.62,3.8,5.75
I1,2026-01-24,Lecce,Lazio,4.0,3.0,2.1
I1,2026-01-25,Sassuolo,Cremonese,1.91,3.4,4.2
I1,2026-01-25,Atalanta,Parma,1.42,4.5,7.5
I1,2026-01-25,Genoa,Bologna,3.0,3.0,2.6
I1,2026-01-25,Juventus,Napoli,2.05,3.2,4.0
I1,2026-01-25,Roma,Milan,2.63,3.1,2.88
I1,2026-01-26,Verona,Udinese,2.8,3.0,2.8
SP1,2025-08-15,Girona,Vallecano,2.25,3.25,3.3
SP1,2025-08-15,Villarreal,Oviedo,1.4,4.75,8.0
SP1,2025-08-16,Mallorca,Barcelona,7.0,5.0,1.4
SP1,2025-08-16,Alaves,Levante,2.15,3.0,3.8
SP1,2025-08-16,Valencia,Sociedad,2.6,2.9,3.1
SP1,2025-08-17,Celta,Getafe,1.73,3.5,5.25
SP1,2025-08-17,Ath Bilbao,Sevilla,1.57,3.9,6.0
SP1,2025-08-17,Espanol,Ath Madrid,6.0,3.9,1.57
SP1,2025-08-18,Elche,Betis,3.4,3.3,2.2
SP1,2025-08-19,Real Madrid,Osasuna,1.22,6.25,13.0
SP1,2025-08-22,Betis,Alaves,1.91,3.4,4.2
SP1,2025-08-23,Mallorca,Celta,3.0,3.1,2.55
SP1,2025-08-23,Ath Madrid,Elche,1.25,5.25,15.0
SP1,2025-08-23,Levante,Barcelona,11.0,6.0,1.25
SP1,2025-08-24,Osasuna,Valencia,2.4,3.2,3.1
SP1,2025-08-24,Sociedad,Espanol,1.8,3.4,5.0
SP1,2025-08-24,Villarreal,Girona,1.53,4.33,6.0
SP1,2025-08-24,Oviedo,Real Madrid,9.5,5.5,1.3
SP1,2025-08-25,Ath Bilbao,Vallecano,1.7,3.5,5.5
SP1,2025-08-25,Sevilla,Getafe,2.25,3.0,3.6
SP1,2025-08-27,Celta,Betis,2.2,3.4,3.25
SP1,2025-08-29,Elche,Levante,2.15,3.25,3.5
SP1,2025-08-29,Valencia,Getafe,2.3,2.9,3.6
SP1,2025-08-30,Alaves,Ath Madrid,4.75,3.5,1.8
SP1,2025-08-30,Oviedo,Sociedad,3.5,3.1,2.25
SP1,2025-08-30,Girona,Sevilla,2.4,3.3,3.0
SP1,2025-08-30,Real Madrid,Mallorca,1.18,7.0,15.0
SP1,2025-08-31,Celta,Villarreal,2.75,3.5,2.5
SP1,2025-08-31,Betis,Ath Bilbao,3.0,3.1,2.55
SP1,2025-08-31,Espanol,Osasuna,2.38,3.2,3.1
SP1,2025-08-31,Vallecano,Barcelona,6.25,5.5,1.4
SP1,2025-09-12,Sevilla,Elche,1.85,3.4,4.5
SP1,2025-09-13,Getafe,Oviedo,1.95,3.1,4.5
SP1,2025-09-13,Sociedad,Real Madrid,5.0,4.33,1.6
SP1,2025-09-13,Ath Bilbao,Alaves,1.6,3.9,5.75
SP1,2025-09-13,Ath Madrid,Villarreal,1.8,3.7,4.33
SP1,2025-09-14,Celta,Girona,1.73,3.9,4.75
SP1,2025-09-14,Levante,Betis,3.25,3.25,2.3
SP1,2025-09-14,Osasuna,Vallecano,2.55,3.2,2.9
SP1,2025-09-14,Barcelona,Valencia,1.22,7.0,11.0
SP1,2025-09-15,Espanol,Mallorca,2.1,3.4,3.5
SP1,2025-09-19,Betis,Sociedad,1.91,3.6,3.75
SP1,2025-09-20,Girona,Levante,1.91,3.6,4.0
SP1,2025-09-20,Real Madrid,Espanol,1.2,7.0,13.0
SP1,2025-09-20,Alaves,Sevilla,2.25,3.1,3.5
SP1,2025-09-20,Villarreal,Osasuna,1.55,4.33,5.5
SP1,2025-09-20,Valencia,Ath Bilbao,3.0,3.0,2.55
SP1,2025-09-21,Vallecano,Celta,2.3,3.3,3.2
SP1,2025-09-21,Mallorca,Ath Madrid,5.0,3.6,1.75
SP1,2025-09-21,Elche,Oviedo,1.91,3.2,4.5
SP1,2025-09-21,Barcelona,Getafe,1.22,6.5,12.0
SP1,2025-09-23,Ath Bilbao,Girona,1.45,4.33,7.0
SP1,2025-09-23,Espanol,Valencia,2.25,3.1,3.4
SP1,2025-09-23,Levante,Real Madrid,7.5,5.75,1.33
SP1,2025-09-23,Sevilla,Villarreal,3.1,3.4,2.3
SP1,2025-09-24,Getafe,Alaves,2.3,2.9,3.6
SP1,2025-09-24,Ath Madrid,Vallecano,1.5,4.5,6.0
SP1,2025-09-24,Sociedad,Mallorca,1.8,3.4,4.75
SP1,2025-09-25,Osasuna,Elche,1.95,3.25,4.33
SP1,2025-09-25,Oviedo,Barcelona,10.0,5.75,1.25
SP1,2025-09-26,Girona,Espanol,2.45,3.3,2.88
SP1,2025-09-27,Getafe,Levante,2.05,3.1,4.1
SP1,2025-09-27,Ath Madrid,Real Madrid,3.0,3.6,2.3
SP1,2025-09-27,Mallorca,Alaves,2.35,3.0,3.4
SP1,2025-09-27,Villarreal,Ath Bilbao,2.1,3.25,3.7
SP1,2025-09-28,Vallecano,Sevilla,2.0,3.3,4.0
SP1,2025-09-28,Elche,Celta,2.88,3.1,2.6
SP1,2025-09-28,Barcelona,Sociedad,1.27,5.75,10.0
SP1,2025-09-28,Betis,Osasuna,1.75,3.8,4.5
SP1,2025-09-30,Valencia,Oviedo,1.7,3.5,5.5
SP1,2025-10-03,Osasuna,Getafe,2.15,2.9,4.1
SP1,2025-10-04,Oviedo,Levante,2.5,3.3,2.88
SP1,2025-10-04,Girona,Valencia,2.45,3.5,2.8
SP1,2025-10-04,Ath Bilbao,Mallorca,1.53,3.8,7.0
SP1,2025-10-04,Real Madrid,Villarreal,1.45,5.0,6.0
SP1,2025-10-05,Alaves,Elche,2.3,3.1,3.3
SP1,2025-10-05,Sevilla,Barcelona,5.75,5.25,1.45
SP1,2025-10-05,Espanol,Betis,2.63,3.4,2.63
SP1,2025-10-05,Sociedad,Vallecano,2.05,3.6,3.5
SP1,2025-10-05,Celta,Ath Madrid,4.5,3.8,1.75
SP1,2025-10-17,Oviedo,Espanol,3.0,3.1,2.5
SP1,2025-10-18,Sevilla,Mallorca,1.85,3.3,4.75
SP1,2025-10-18,Barcelona,Girona,1.2,7.0,12.0
SP1,2025-10-18,Villarreal,Betis,1.91,3.6,4.0
SP1,2025-10-18,Ath Madrid,Osasuna,1.38,4.75,8.5
SP1,2025-10-19,Elche,Ath Bilbao,3.75,3.25,2.1
SP1,2025-10-19,Celta,Sociedad,2.1,3.4,3.5
SP1,2025-10-19,Levante,Vallecano,2.88,3.25,2.5
SP1,2025-10-19,Getafe,Real Madrid,8.0,4.33,1.42
SP1,2025-10-20,Alaves,Valencia,2.25,3.0,3.6
SP1,2025-10-24,Sociedad,Sevilla,1.95,3.5,3.8
SP1,2025-10-25,Girona,Oviedo,1.8,3.5,4.75
SP1,2025-10-25,Espanol,Elche,1.95,3.25,4.1
SP1,2025-10-25,Ath Bilbao,Getafe,1.67,3.5,6.0
SP1,2025-10-25,Valencia,Villarreal,3.1,3.6,2.2
SP1,2025-10-26,Mallorca,Levante,2.1,3.3,3.6
SP1,2025-10-26,Real Madrid,Barcelona,1.95,4.1,3.3
SP1,2025-10-26,Osasuna,Celta,2.35,3.2,3.2
SP1,2025-10-26,Vallecano,Alaves,2.1,3.1,3.9
SP1,2025-10-27,Betis,Ath Madrid,3.1,3.6,2.2
SP1,2025-10-31,Getafe,Girona,2.15,3.0,3.8
SP1,2025-11-01,Villarreal,Vallecano,1.7,3.8,5.0
SP1,2025-11-01,Ath Madrid,Sevilla,1.33,5.0,9.0
SP1,2025-11-01,Sociedad,Ath Bilbao,2.7,3.0,2.8
SP1,2025-11-01,Real Madrid,Valencia,1.17,8.0,15.0
SP1,2025-11-02,Levante,Celta,2.88,3.4,2.45
SP1,2025-11-02,Alaves,Espanol,2.38,3.0,3.3
SP1,2025-11-02,Barcelona,Elche,1.22,6.25,12.0
SP1,2025-11-02,Betis,Mallorca,1.57,4.2,5.25
SP1,2025-11-03,Oviedo,Osasuna,3.0,3.1,2.5
SP1,2025-11-07,Elche,Sociedad,2.7,3.2,2.7
SP1,2025-11-08,Girona,Alaves,2.4,3.25,3.0
SP1,2025-11-08,Sevilla,Osasuna,2.15,3.3,3.5
SP1,2025-11-08,Ath Madrid,Levante,1.22,6.5,12.0
SP1,2025-11-08,Espanol,Villarreal,2.8,3.5,2.38
SP1,2025-11-09,Ath Bilbao,Oviedo,1.5,3.8,8.0
SP1,2025-11-09,Vallecano,Real Madrid,5.25,5.0,1.5
SP1,2025-11-09,Mallorca,Getafe,2.5,2.9,3.2
SP1,2025-11-09,Valencia,Betis,3.3,3.4,2.2
SP1,2025-11-09,Celta,Barcelona,4.5,4.2,1.65
SP1,2025-11-21,Valencia,Levante,2.0,3.5,3.7
SP1,2025-11-22,Alaves,Celta,2.6,3.0,2.9
SP1,2025-11-22,Barcelona,Ath Bilbao,1.36,5.5,7.0
SP1,2025-11-22,Osasuna,Sociedad,2.8,3.1,2.7
SP1,2025-11-22,Villarreal,Mallorca,1.44,4.75,7.0
SP1,2025-11-23,Oviedo,Vallecano,3.5,3.2,2.2
SP1,2025-11-23,Betis,Girona,1.53,4.33,5.75
SP1,2025-11-23,Getafe,Ath Madrid,5.25,3.5,1.73
SP1,2025-11-23,Elche,Real Madrid,7.0,5.25,1.38
SP1,2025-11-24,Espanol,Sevilla,2.05,3.3,3.8
SP1,2025-11-28,Getafe,Elche,2.25,2.88,3.8
SP1,2025-11-29,Mallorca,Osasuna,2.35,3.0,3.4
SP1,2025-11-29,Barcelona,Alaves,1.2,7.0,13.0
SP1,2025-11-29,Levante,Ath Bilbao,3.5,3.3,2.15
SP1,2025-11-29,Ath Madrid,Oviedo,1.2,6.25,17.0
SP1,2025-11-30,Sociedad,Villarreal,2.8,3.4,2.45
SP1,2025-11-30,Sevilla,Betis,3.0,3.3,2.38
SP1,2025-11-30,Celta,Espanol,2.05,3.5,3.5
SP1,2025-11-30,Girona,Real Madrid,6.5,5.25,1.4
SP1,2025-12-01,Vallecano,Valencia,1.95,3.4,4.1
SP1,2025-12-02,Barcelona,Ath Madrid,1.73,4.2,4.1
SP1,2025-12-03,Ath Bilbao,Real Madrid,4.1,3.9,1.8
SP1,2025-12-05,Oviedo,Mallorca,2.55,3.0,3.0
SP1,2025-12-06,Villarreal,Getafe,1.62,3.8,5.75
SP1,2025-12-06,Alaves,Sociedad,2.8,2.9,2.8
SP1,2025-12-06,Betis,Barcelona,4.0,4.5,1.73
SP1,2025-12-06,Ath Bilbao,Ath Madrid,3.25,3.25,2.25
SP1,2025-12-07,Elche,Girona,2.15,3.3,3.5
SP1,2025-12-07,Valencia,Sevilla,2.15,3.4,3.4
SP1,2025-12-07,Espanol,Vallecano,2.25,3.4,3.2
SP1,2025-12-07,Real Madrid,Celta,1.3,5.5,9.5
SP1,2025-12-08,Osasuna,Levante,1.73,3.8,4.5
SP1,2025-12-12,Sociedad,Girona,1.75,3.9,4.5
SP1,2025-12-13,Ath Madrid,Valencia,1.3,5.0,11.0
SP1,2025-12-13,Mallorca,Elche,2.45,3.1,3.1
SP1,2025-12-13,Barcelona,Osasuna,1.2,7.0,12.0
SP1,2025-12-13,Getafe,Espanol,2.5,2.8,3.25
SP1,2025-12-14,Sevilla,Oviedo,1.91,3.4,4.2
SP1,2025-12-14,Celta,Ath Bilbao,2.63,3.25,2.75
SP1,2025-12-14,Alaves,Real Madrid,5.5,4.0,1.6
SP1,2025-12-15,Vallecano,Betis,2.55,3.4,2.75
SP1,2025-12-19,Valencia,Mallorca,1.9,3.0,4.0
SP1,2025-12-20,Oviedo,Celta,3.6,3.4,2.05
SP1,2025-12-20,Levante,Sociedad,3.4,3.4,2.15
SP1,2025-12-20,Osasuna,Alaves,2.2,3.0,3.7
SP1,2025-12-20,Real Madrid,Sevilla,1.2,7.0,12.0
SP1,2025-12-21,Girona,Ath Madrid,5.0,4.0,1.67
SP1,2025-12-21,Villarreal,Barcelona,3.4,4.75,1.83
SP1,2025-12-21,Elche,Vallecano,2.4,3.1,3.2
SP1,2025-12-21,Betis,Getafe,1.7,3.5,5.5
SP1,2025-12-22,Ath Bilbao,Espanol,1.75,3.6,5.0
SP1,2026-01-02,Vallecano,Getafe,2.05,2.9,4.5
SP1,2026-01-03,Celta,Valencia,2.0,3.3,4.0
SP1,2026-01-03,Osasuna,Ath Bilbao,3.0,2.9,2.63
SP1,2026-01-03,Elche,Villarreal,3.2,3.5,2.2
SP1,2026-01-03,Espanol,Barcelona,5.25,4.75,1.5
SP1,2026-01-04,Sevilla,Levante,1.75,3.6,4.75
SP1,2026-01-04,Real Madrid,Betis,1.45,4.75,6.25
SP1,2026-01-04,Alaves,Oviedo,1.9,3.0,5.25
SP1,2026-01-04,Mallorca,Girona,2.25,3.2,3.4
SP1,2026-01-04,Sociedad,Ath Madrid,3.9,3.6,1.91
SP1,2026-01-09,Getafe,Sociedad,3.3,2.9,2.45
SP1,2026-01-10,Oviedo,Betis,4.2,3.5,1.91
SP1,2026-01-10,Villarreal,Alaves,1.45,4.33,7.0
SP1,2026-01-10,Girona,Osasuna,2.35,3.25,3.1
SP1,2026-01-10,Valencia,Elche,2.2,3.2,3.5
SP1,2026-01-11,Vallecano,Mallorca,1.91,3.3,4.33
SP1,2026-01-11,Levante,Espanol,3.1,3.3,2.35
SP1,2026-01-12,Sevilla,Celta,2.6,3.3,2.75
SP1,2026-01-16,Espanol,Girona,1.85,3.4,4.5
SP1,2026-01-17,Real Madrid,Levante,1.17,8.0,15.0
SP1,2026-01-17,Mallorca,Ath Bilbao,3.8,2.9,2.25
SP1,2026-01-17,Osasuna,Oviedo,1.75,3.4,5.25
SP1,2026-01-17,Betis,Villarreal,2.6,3.5,2.63
SP1,2026-01-18,Getafe,Valencia,2.55,2.75,3.4
SP1,2026-01-18,Ath Madrid,Alaves,1.3,5.25,10.0
SP1,2026-01-18,Celta,Vallecano,2.05,3.2,4.0
SP1,2026-01-18,Sociedad,Barcelona,5.0,4.5,1.55
SP1,2026-01-19,Elche,Sevilla,2.25,3.3,3.25
SP1,2026-01-23,Levante,Elche,2.2,3.3,3.2
SP1,2026-01-24,Vallecano,Osasuna,2.15,3.25,3.6
SP1,2026-01-24,Valencia,Espanol,2.45,3.1,3.1
SP1,2026-01-24,Sevilla,Ath Bilbao,2.88,3.0,2.63
SP1,2026-01-24,Villarreal,Real Madrid,3.4,3.9,2.0
SP1,2026-01-25,Ath Madrid,Mallorca,1.3,5.25,10.0
SP1,2026-01-25,Barcelona,Oviedo,1.11,10.0,19.0
SP1,2026-01-25,Sociedad,Celta,2.0,3.4,3.9
SP1,2026-01-25,Alaves,Betis,2.75,3.0,2.7
SP1,2026-01-26,Girona,Getafe,2.1,3.0,4.1
D1,2026-01-27,St Pauli,RB Leipzig,4.5,3.5,1.8
D1,2026-01-27,Werder Bremen,Hoffenheim,3.7,3.6,2.0
E2,2026-01-27,Blackpool,Stockport,3.5,3.3,2.01
E2,2026-01-27,Bolton,Burton,1.42,4.0,7.0
E2,2026-01-27,Cardiff,Barnsley,1.61,3.8,4.75
E2,2026-01-27,Huddersfield,Luton,2.15,3.3,3.1
E2,2026-01-27,Lincoln,Bradford,2.01,3.0,3.75
E2,2026-01-27,Plymouth,Mansfield,1.91,3.4,3.7
E2,2026-01-27,Port Vale,AFC Wimbledon,2.15,3.1,3.4
E2,2026-01-27,Rotherham,Northampton,2.05,3.1,3.5
E2,2026-01-27,Stevenage,Peterboro,2.15,3.2,3.2
E2,2026-01-27,Wycombe,Wigan,1.96,3.25,3.75
E2,2026-01-27,Doncaster,Leyton Orient,2.01,3.4,3.4
E2,2026-01-27,Reading,Exeter,2.15,3.5,3.0
E3,2026-01-27,Newport County,Accrington,3.0,3.1,2.3
E3,2026-01-27,Barnet,Tranmere,1.62,3.9,5.0
E3,2026-01-27,Barrow,Oldham,3.2,3.1,2.25
E3,2026-01-27,Bromley,Crewe,1.66,3.6,4.75
E3,2026-01-27,Cambridge,Shrewsbury,1.53,3.6,6.5
E3,2026-01-27,Cheltenham,Gillingham,3.1,3.25,2.2
E3,2026-01-27,Colchester,Grimsby,2.15,3.2,3.3
E3,2026-01-27,Harrogate,Fleetwood Town,3.7,3.5,1.91
E3,2026-01-27,Milton Keynes Dons,Bristol Rvs,1.53,3.9,5.75
E3,2026-01-27,Notts County,Swindon,2.05,3.25,3.4
E3,2026-01-27,Salford,Chesterfield,1.81,3.5,4.1
E3,2026-01-27,Walsall,Crawley Town,1.71,3.4,4.75
EC,2026-01-27,Rochdale,Southend,2.1,3.25,3.2
SC3,2026-01-27,East Kilbride,Spartans,2.2,3.6,2.6
SC3,2026-01-27,Stranraer,Clyde,2.35,3.25,2.63
