date,home_team,away_team,result,b365_1,b365_x,b365_2
2013-08-24,Sampdoria,Juventus,2,8.0,4.0,1.45
2013-08-24,Verona,Milan,1,4.75,3.6,1.75
2013-08-25,Cagliari,Atalanta,1,2.5,3.0,3.0
2013-08-25,Inter,Genoa,1,1.62,3.75,5.5
2013-08-25,Lazio,Udinese,1,2.0,3.4,3.75
2013-08-25,Livorno,Roma,2,3.6,3.5,2.0
2013-08-25,Napoli,Bologna,1,1.36,4.75,8.5
2013-08-25,Parma,Chievo,X,1.85,3.5,4.2
2013-08-25,Torino,Sassuolo,1,2.0,3.3,3.8
2013-08-26,Fiorentina,Catania,1,1.44,4.2,7.5
2013-08-31,Juventus,Lazio,1,1.36,4.5,9.0
2013-08-31,Chievo,Napoli,2,4.75,3.5,1.75
2013-09-01,Atalanta,Torino,1,2.1,3.2,3.6
2013-09-01,Bologna,Sampdoria,X,2.2,3.25,3.3
2013-09-01,Catania,Inter,2,2.75,3.2,2.6
2013-09-01,Genoa,Fiorentina,2,4.0,3.3,1.95
2013-09-01,Milan,Cagliari,1,1.4,4.5,7.5
2013-09-01,Roma,Verona,1,1.4,4.5,8.0
2013-09-01,Sassuolo,Livorno,2,1.95,3.2,4.2
2013-09-01,Udinese,Parma,1,2.1,3.25,3.6
2013-09-14,Torino,Milan,X,4.75,3.6,1.73
2013-09-14,Napoli,Atalanta,1,1.36,4.75,8.5
2013-09-14,Inter,Juventus,X,3.5,3.3,2.1
2013-09-15,Fiorentina,Cagliari,X,1.44,4.33,7.0
2013-09-15,Lazio,Chievo,1,1.67,3.75,5.0
2013-09-15,Livorno,Catania,1,2.5,3.2,2.88
2013-09-15,Sampdoria,Genoa,2,2.4,3.1,3.1
2013-09-15,Udinese,Bologna,X,1.8,3.5,4.5
2013-09-15,Verona,Sassuolo,1,2.25,3.2,3.25
2013-09-16,Parma,Roma,2,3.1,3.3,2.3
2013-09-21,Chievo,Udinese,1,2.75,3.2,2.6
2013-09-21,Genoa,Livorno,X,1.75,3.5,4.75
2013-09-21,Cagliari,Sampdoria,X,2.1,3.2,3.6
2013-09-22,Atalanta,Fiorentina,2,2.8,3.4,2.4
2013-09-22,Bologna,Torino,2,2.15,3.2,3.5
2013-09-22,Catania,Parma,X,2.05,3.25,3.75
2013-09-22,Juventus,Verona,1,1.17,7.0,15.0
2013-09-22,Milan,Napoli,2,2.5,3.4,2.7
2013-09-22,Roma,Lazio,1,2.1,3.4,3.4
2013-09-22,Sassuolo,Inter,2,4.5,3.75,1.75
2013-09-24,Udinese,Genoa,1,1.83,3.4,4.5
2013-09-25,Parma,Atalanta,1,1.91,3.3,4.2
2013-09-25,Torino,Verona,X,1.91,3.4,4.0
2013-09-25,Napoli,Sassuolo,X,1.17,7.0,15.0
2013-09-25,Sampdoria,Roma,2,3.6,3.3,2.05
2013-09-25,Lazio,Catania,1,1.57,3.75,6.0
2013-09-25,Chievo,Juventus,2,7.5,4.2,1.44
2013-09-25,Livorno,Cagliari,X,2.75,3.1,2.63
2013-09-25,Bologna,Milan,X,3.4,3.4,2.1
2013-09-26,Inter,Fiorentina,1,1.91,3.4,4.0
2013-09-28,Genoa,Napoli,2,4.75,3.5,1.75
2013-09-28,Milan,Sampdoria,1,1.5,4.0,7.0
2013-09-29,Verona,Livorno,1,1.91,3.3,4.2
2013-09-29,Torino,Juventus,2,6.5,4.1,1.5
2013-09-29,Sassuolo,Lazio,X,4.5,3.4,1.83
2013-09-29,Catania,Chievo,1,2.05,3.3,3.6
2013-09-29,Cagliari,Inter,X,3.8,3.3,2.0
2013-09-29,Atalanta,Udinese,1,2.5,3.2,2.88
2013-09-29,Roma,Bologna,1,1.33,5.0,9.0
2013-09-30,Fiorentina,Parma,X,1.57,3.8,6.0
2013-10-05,Chievo,Atalanta,2,2.2,3.2,3.4
2013-10-05,Inter,Roma,2,2.25,3.5,3.0
2013-10-06,Parma,Sassuolo,1,1.57,3.75,6.0
2013-10-06,Sampdoria,Torino,X,2.4,3.2,3.0
2013-10-06,Napoli,Livorno,1,1.22,5.25,17.0
2013-10-06,Udinese,Cagliari,1,1.83,3.5,4.33
2013-10-06,Juventus,Milan,1,1.57,4.0,5.5
2013-10-06,Catania,Genoa,X,2.1,3.4,3.4
2013-10-06,Bologna,Verona,2,2.1,3.3,3.5
2013-10-06,Lazio,Fiorentina,X,2.25,3.4,3.1
2013-10-18,Roma,Napoli,1,2.1,3.3,3.5
2013-10-19,Cagliari,Catania,1,1.91,3.3,4.2
2013-10-19,Milan,Udinese,1,1.67,3.6,5.25
2013-10-20,Atalanta,Lazio,1,2.7,3.2,2.6
2013-10-20,Fiorentina,Juventus,1,3.5,3.3,2.1
2013-10-20,Genoa,Chievo,1,2.0,3.4,3.75
2013-10-20,Livorno,Sampdoria,2,2.3,3.2,3.1
2013-10-20,Sassuolo,Bologna,1,2.38,3.2,3.0
2013-10-20,Torino,Inter,X,3.4,3.5,2.05
2013-10-20,Verona,Parma,1,2.3,3.2,3.1
2013-10-26,Sampdoria,Atalanta,1,2.3,3.2,3.2
2013-10-26,Inter,Verona,1,1.44,4.2,7.5
2013-10-27,Bologna,Livorno,1,2.0,3.3,3.8
2013-10-27,Catania,Sassuolo,X,1.83,3.5,4.33
2013-10-27,Chievo,Fiorentina,2,3.8,3.4,2.0
2013-10-27,Juventus,Genoa,1,1.2,6.0,15.0
2013-10-27,Lazio,Cagliari,1,1.83,3.4,4.5
2013-10-27,Napoli,Torino,1,1.33,5.0,8.5
2013-10-27,Parma,Milan,1,3.3,3.3,2.2
2013-10-27,Udinese,Roma,2,3.3,3.4,2.15
2013-10-29,Atalanta,Inter,X,3.8,3.3,2.0
2013-10-30,Verona,Sampdoria,1,2.0,3.4,3.75
2013-10-30,Sassuolo,Udinese,2,2.88,3.3,2.4
2013-10-30,Milan,Lazio,X,1.73,3.5,5.0
2013-10-30,Livorno,Torino,X,2.8,3.1,2.6
2013-10-30,Cagliari,Bologna,2,1.75,3.5,4.75
2013-10-30,Genoa,Parma,1,2.4,3.2,3.0
2013-10-30,Fiorentina,Napoli,2,2.5,3.3,2.8
2013-10-30,Juventus,Catania,1,1.18,6.25,17.0
2013-10-31,Roma,Chievo,1,1.22,6.0,12.0
2013-11-02,Milan,Fiorentina,2,2.05,3.5,3.5
2013-11-02,Napoli,Catania,1,1.22,6.0,13.0
2013-11-02,Parma,Juventus,2,4.5,3.75,1.73
2013-11-03,Verona,Cagliari,1,2.05,3.4,3.5
2013-11-03,Udinese,Inter,2,2.63,3.3,2.63
2013-11-03,Torino,Roma,X,4.0,3.5,1.91
2013-11-03,Sampdoria,Sassuolo,2,1.95,3.5,3.8
2013-11-03,Livorno,Atalanta,1,2.7,3.1,2.7
2013-11-03,Lazio,Genoa,2,1.57,3.8,6.0
2013-11-04,Bologna,Chievo,X,2.05,3.3,3.6
2013-11-09,Catania,Udinese,1,2.9,3.1,2.5
2013-11-09,Inter,Livorno,1,1.3,5.0,10.0
2013-11-10,Roma,Sassuolo,X,1.22,6.0,13.0
2013-11-10,Parma,Lazio,X,2.3,3.2,3.2
2013-11-10,Juventus,Napoli,1,1.73,3.6,4.75
2013-11-10,Genoa,Verona,1,2.25,3.25,3.25
2013-11-10,Chievo,Milan,X,3.8,3.3,2.0
2013-11-10,Cagliari,Torino,1,2.0,3.3,3.8
2013-11-10,Atalanta,Bologna,1,2.05,3.3,3.6
2013-11-10,Fiorentina,Sampdoria,1,1.4,4.5,8.0
2013-11-23,Milan,Genoa,X,1.44,4.2,7.5
2013-11-23,Napoli,Parma,2,1.44,4.5,6.5
2013-11-23,Verona,Chievo,2,2.1,3.3,3.5
2013-11-24,Sassuolo,Atalanta,1,2.2,3.2,3.4
2013-11-24,Udinese,Fiorentina,1,2.8,3.1,2.6
2013-11-24,Torino,Catania,1,1.8,3.5,4.5
2013-11-24,Livorno,Juventus,2,8.5,4.75,1.36
2013-11-24,Bologna,Inter,X,4.0,3.4,1.91
2013-11-24,Sampdoria,Lazio,X,3.0,3.2,2.38
2013-11-25,Roma,Cagliari,X,1.44,4.33,7.0
2013-11-30,Genoa,Torino,X,2.38,3.2,3.1
2013-11-30,Parma,Bologna,X,1.8,3.5,4.5
2013-12-01,Chievo,Livorno,1,1.91,3.4,4.0
2013-12-01,Catania,Milan,2,4.75,3.6,1.75
2013-12-01,Inter,Sampdoria,X,1.4,4.5,8.0
2013-12-01,Atalanta,Roma,X,4.0,3.4,1.91
2013-12-01,Cagliari,Sassuolo,X,1.83,3.5,4.33
2013-12-01,Juventus,Udinese,1,1.3,5.0,10.0
2013-12-02,Lazio,Napoli,2,3.1,3.3,2.3
2013-12-02,Fiorentina,Verona,1,1.44,4.33,7.0
2013-12-06,Bologna,Juventus,2,8.5,4.33,1.4
2013-12-07,Livorno,Milan,X,5.5,3.75,1.62
2013-12-07,Napoli,Udinese,X,1.57,3.75,6.0
2013-12-08,Torino,Lazio,1,2.38,3.2,3.0
2013-12-08,Sassuolo,Chievo,2,2.1,3.2,3.6
2013-12-08,Sampdoria,Catania,1,1.73,3.6,4.75
2013-12-08,Verona,Atalanta,1,1.95,3.3,4.0
2013-12-08,Inter,Parma,X,1.65,3.75,5.5
2013-12-08,Cagliari,Genoa,1,1.95,3.3,4.0
2013-12-08,Roma,Fiorentina,1,1.91,3.4,4.0
2013-12-14,Catania,Verona,X,2.7,3.0,2.75
2013-12-15,Chievo,Sampdoria,2,2.25,3.0,3.5
2013-12-15,Fiorentina,Bologna,1,1.44,4.33,7.0
2013-12-15,Genoa,Atalanta,X,2.15,3.25,3.4
2013-12-15,Juventus,Sassuolo,1,1.17,6.5,17.0
2013-12-15,Lazio,Livorno,1,1.5,4.0,7.0
2013-12-15,Napoli,Inter,1,1.91,3.5,4.0
2013-12-15,Parma,Cagliari,X,1.8,3.6,4.33
2013-12-15,Udinese,Torino,2,1.91,3.4,4.0
2013-12-16,Milan,Roma,X,2.3,3.3,3.1
2013-12-21,Livorno,Udinese,2,3.1,3.1,2.4
2013-12-21,Cagliari,Napoli,X,3.5,3.4,2.05
2013-12-22,Atalanta,Juventus,2,7.5,4.2,1.44
2013-12-22,Bologna,Genoa,1,2.1,3.25,3.5
2013-12-22,Inter,Milan,1,2.63,3.3,2.63
2013-12-22,Roma,Catania,1,1.22,6.5,11.0
2013-12-22,Sampdoria,Parma,X,2.5,3.2,2.88
2013-12-22,Sassuolo,Fiorentina,2,4.33,3.4,1.85
2013-12-22,Torino,Chievo,1,1.83,3.3,4.75
2013-12-22,Verona,Lazio,1,2.7,3.2,2.63
2014-01-05,Juventus,Roma,1,1.67,3.75,5.0
2014-01-05,Fiorentina,Livorno,1,1.33,4.75,10.0
2014-01-05,Chievo,Cagliari,X,2.38,3.0,3.25
2014-01-06,Catania,Bologna,1,2.1,3.2,3.6
2014-01-06,Genoa,Sassuolo,1,2.1,3.3,3.5
2014-01-06,Lazio,Inter,1,2.4,3.3,2.88
2014-01-06,Milan,Atalanta,1,1.44,4.2,7.5
2014-01-06,Napoli,Sampdoria,1,1.36,4.75,8.0
2014-01-06,Parma,Torino,1,2.05,3.3,3.6
2014-01-06,Udinese,Verona,2,1.8,3.4,4.75
2014-01-11,Bologna,Lazio,X,3.1,3.1,2.38
2014-01-11,Livorno,Parma,2,3.0,3.2,2.38
2014-01-12,Torino,Fiorentina,X,2.8,3.3,2.5
2014-01-12,Sassuolo,Milan,1,5.0,3.6,1.7
2014-01-12,Verona,Napoli,2,3.8,3.5,1.95
2014-01-12,Cagliari,Juventus,2,7.0,4.33,1.44
2014-01-12,Roma,Genoa,1,1.36,4.5,9.0
2014-01-12,Atalanta,Catania,1,1.85,3.4,4.33
2014-01-13,Inter,Chievo,X,1.44,4.33,7.0
2014-01-13,Sampdoria,Udinese,1,2.38,3.2,3.0
2014-01-18,Juventus,Sampdoria,1,1.17,6.5,17.0
2014-01-18,Roma,Livorno,1,1.18,6.5,15.0
2014-01-19,Udinese,Lazio,2,2.5,3.1,2.9
2014-01-19,Milan,Verona,1,1.44,4.33,7.0
2014-01-19,Genoa,Inter,1,3.9,3.4,1.95
2014-01-19,Sassuolo,Torino,2,2.7,3.2,2.6
2014-01-19,Catania,Fiorentina,2,3.6,3.4,2.05
2014-01-19,Bologna,Napoli,X,5.0,3.75,1.67
2014-01-19,Atalanta,Cagliari,1,2.45,3.1,3.0
2014-01-19,Chievo,Parma,2,2.8,3.1,2.6
2014-01-25,Lazio,Juventus,X,4.75,3.6,1.73
2014-01-25,Napoli,Chievo,X,1.29,5.25,10.0
2014-01-26,Cagliari,Milan,2,3.8,3.3,2.0
2014-01-26,Fiorentina,Genoa,X,1.33,4.75,10.0
2014-01-26,Inter,Catania,X,1.33,4.75,9.5
2014-01-26,Livorno,Sassuolo,1,2.4,3.1,3.1
2014-01-26,Parma,Udinese,1,2.0,3.3,3.8
2014-01-26,Sampdoria,Bologna,X,1.75,3.4,5.0
2014-01-26,Torino,Atalanta,1,1.75,3.4,5.0
2014-01-26,Verona,Roma,2,4.75,3.6,1.75
2014-02-01,Milan,Torino,X,1.6,3.8,5.75
2014-02-01,Bologna,Udinese,2,2.5,3.1,2.9
2014-02-01,Cagliari,Fiorentina,1,3.25,3.2,2.25
2014-02-02,Atalanta,Napoli,1,4.33,3.4,1.85
2014-02-02,Catania,Livorno,X,1.91,3.4,4.0
2014-02-02,Chievo,Lazio,2,3.1,3.1,2.4
2014-02-02,Juventus,Inter,1,1.4,4.5,7.5
2014-02-02,Sassuolo,Verona,2,2.38,3.2,3.0
2014-02-03,Genoa,Sampdoria,2,2.5,3.2,2.88
2014-02-08,Udinese,Chievo,1,1.83,3.4,4.5
2014-02-08,Napoli,Milan,1,2.0,3.4,3.75
2014-02-08,Fiorentina,Atalanta,1,1.44,4.33,7.0
2014-02-09,Inter,Sassuolo,1,1.33,4.75,10.0
2014-02-09,Lazio,Roma,X,3.75,3.4,2.0
2014-02-09,Livorno,Genoa,2,2.4,3.2,3.0
2014-02-09,Parma,Catania,X,1.57,3.6,6.5
2014-02-09,Sampdoria,Cagliari,1,2.1,3.25,3.5
2014-02-09,Torino,Bologna,2,1.57,3.75,6.0
2014-02-09,Verona,Juventus,X,8.0,4.5,1.4
2014-02-14,Milan,Bologna,1,1.33,5.0,9.0
2014-02-15,Fiorentina,Inter,2,2.1,3.4,3.4
2014-02-16,Roma,Sampdoria,1,1.33,5.0,9.0
2014-02-16,Catania,Lazio,1,3.3,3.2,2.25
2014-02-16,Sassuolo,Napoli,2,6.0,3.8,1.57
2014-02-16,Juventus,Chievo,1,1.14,7.5,17.0
2014-02-16,Cagliari,Livorno,2,1.75,3.4,5.0
2014-02-16,Atalanta,Parma,2,2.5,3.25,2.8
2014-02-16,Genoa,Udinese,X,2.75,3.1,2.63
2014-02-17,Verona,Torino,2,2.3,3.3,3.1
2014-02-22,Bologna,Roma,2,7.0,4.0,1.5
2014-02-23,Livorno,Verona,2,2.38,3.25,3.0
2014-02-23,Chievo,Catania,1,2.15,3.1,3.6
2014-02-23,Inter,Cagliari,X,1.44,4.2,7.5
2014-02-23,Juventus,Torino,1,1.22,6.0,12.0
2014-02-23,Lazio,Sassuolo,1,1.44,4.2,7.5
2014-02-23,Sampdoria,Milan,2,3.2,3.2,2.3
2014-02-23,Udinese,Atalanta,X,1.75,3.4,5.0
2014-02-24,Napoli,Genoa,X,1.29,5.0,12.0
2014-02-24,Parma,Fiorentina,X,2.4,3.2,3.0
2014-03-01,Roma,Inter,X,1.62,3.8,5.5
2014-03-02,Torino,Sampdoria,2,1.83,3.25,4.75
2014-03-02,Milan,Juventus,2,3.6,3.5,2.0
2014-03-02,Verona,Bologna,X,1.91,3.5,4.0
2014-03-02,Livorno,Napoli,X,6.0,4.0,1.53
2014-03-02,Sassuolo,Parma,2,3.5,3.4,2.05
2014-03-02,Fiorentina,Lazio,2,1.91,3.3,4.2
2014-03-02,Cagliari,Udinese,1,2.38,3.2,3.0
2014-03-02,Atalanta,Chievo,1,2.05,3.25,3.75
2014-03-02,Genoa,Catania,1,2.1,3.25,3.6
2014-03-08,Catania,Cagliari,X,2.2,3.25,3.3
2014-03-08,Udinese,Milan,1,3.0,3.25,2.38
2014-03-09,Sampdoria,Livorno,1,1.75,3.4,5.0
2014-03-09,Parma,Verona,1,1.73,3.7,4.6
2014-03-09,Napoli,Roma,1,2.2,3.3,3.3
2014-03-09,Lazio,Atalanta,2,1.57,3.8,6.0
2014-03-09,Inter,Torino,1,1.57,4.0,5.5
2014-03-09,Chievo,Genoa,1,2.1,3.2,3.6
2014-03-09,Bologna,Sassuolo,X,1.91,3.4,4.0
2014-03-09,Juventus,Fiorentina,1,1.4,4.6,7.5
2014-03-15,Verona,Inter,2,3.25,3.4,2.15
2014-03-16,Milan,Parma,2,1.8,3.6,4.33
2014-03-16,Atalanta,Sampdoria,1,2.25,3.2,3.3
2014-03-16,Cagliari,Lazio,2,2.75,3.1,2.63
2014-03-16,Fiorentina,Chievo,1,1.53,4.0,6.0
2014-03-16,Genoa,Juventus,2,7.0,4.33,1.44
2014-03-16,Livorno,Bologna,1,2.2,3.2,3.4
2014-03-16,Sassuolo,Catania,1,2.2,3.2,3.4
2014-03-17,Torino,Napoli,2,3.4,3.3,2.15
2014-03-17,Roma,Udinese,1,1.36,4.5,9.5
2014-03-22,Torino,Livorno,1,1.62,3.6,6.0
2014-03-22,Chievo,Roma,2,6.5,3.6,1.57
2014-03-23,Bologna,Cagliari,1,2.3,3.1,3.25
2014-03-23,Catania,Juventus,2,8.0,4.5,1.4
2014-03-23,Inter,Atalanta,2,1.44,4.2,7.5
2014-03-23,Lazio,Milan,X,2.5,3.2,2.88
2014-03-23,Napoli,Fiorentina,2,1.83,3.5,4.33
2014-03-23,Parma,Genoa,X,1.57,3.75,6.0
2014-03-23,Sampdoria,Verona,1,2.0,3.3,3.8
2014-03-23,Udinese,Sassuolo,1,1.62,3.6,6.0
2014-03-25,Roma,Torino,1,1.4,4.5,8.0
2014-03-26,Sassuolo,Sampdoria,2,2.6,3.2,2.75
2014-03-26,Juventus,Parma,1,1.33,5.0,9.0
2014-03-26,Genoa,Lazio,1,3.0,3.2,2.4
2014-03-26,Fiorentina,Milan,2,2.2,3.3,3.25
2014-03-26,Catania,Napoli,2,4.75,3.6,1.75
2014-03-26,Cagliari,Verona,1,2.1,3.25,3.5
2014-03-26,Atalanta,Livorno,1,1.83,3.4,4.5
2014-03-26,Chievo,Bologna,1,2.1,3.0,4.0
2014-03-27,Inter,Udinese,X,1.67,3.75,5.0
2014-03-29,Bologna,Atalanta,2,2.3,3.1,3.25
2014-03-29,Milan,Chievo,1,1.4,4.5,8.0
2014-03-30,Torino,Cagliari,1,1.85,3.4,4.33
2014-03-30,Verona,Genoa,1,2.2,3.2,3.4
2014-03-30,Sassuolo,Roma,2,7.0,3.75,1.53
2014-03-30,Napoli,Juventus,1,2.8,3.3,2.5
2014-03-30,Lazio,Parma,1,2.1,3.3,3.5
2014-03-30,Sampdoria,Fiorentina,X,2.88,3.2,2.5
2014-03-31,Livorno,Inter,X,4.0,3.5,1.91
2014-03-31,Udinese,Catania,1,1.73,3.5,5.0
2014-04-02,Roma,Parma,1,1.4,4.75,7.0
2014-04-05,Chievo,Verona,2,2.38,3.1,3.1
2014-04-05,Inter,Bologna,X,1.36,4.5,9.0
2014-04-06,Catania,Torino,2,2.5,3.2,2.88
2014-04-06,Parma,Napoli,1,3.0,3.25,2.38
2014-04-06,Lazio,Sampdoria,1,1.75,3.5,4.75
2014-04-06,Cagliari,Roma,2,6.0,3.6,1.62
2014-04-06,Atalanta,Sassuolo,2,1.8,3.6,4.33
2014-04-06,Fiorentina,Udinese,1,1.65,3.75,5.25
2014-04-07,Genoa,Milan,2,3.8,3.3,2.0
2014-04-07,Juventus,Livorno,1,1.14,7.5,17.0
2014-04-12,Roma,Atalanta,1,1.33,4.75,10.0
2014-04-12,Sassuolo,Cagliari,X,2.5,3.1,2.9
2014-04-13,Sampdoria,Inter,2,3.2,3.3,2.25
2014-04-13,Verona,Fiorentina,2,3.2,3.3,2.25
2014-04-13,Napoli,Lazio,1,1.62,4.0,5.25
2014-04-13,Torino,Genoa,1,1.83,3.4,4.5
2014-04-13,Livorno,Chievo,2,2.3,3.1,3.2
2014-04-13,Milan,Catania,1,1.33,5.25,8.0
2014-04-13,Bologna,Parma,X,3.1,3.3,2.3
2014-04-14,Udinese,Juventus,2,5.5,3.8,1.62
2014-04-19,Parma,Inter,2,2.4,3.3,2.88
2014-04-19,Milan,Livorno,1,1.25,5.5,12.0
2014-04-19,Lazio,Torino,X,1.8,3.3,4.75
2014-04-19,Juventus,Bologna,1,1.17,7.0,15.0
2014-04-19,Udinese,Napoli,X,3.5,3.5,2.05
2014-04-19,Fiorentina,Roma,2,3.1,3.4,2.25
2014-04-19,Chievo,Sassuolo,2,2.0,3.3,3.75
2014-04-19,Catania,Sampdoria,1,2.2,3.4,3.2
2014-04-19,Atalanta,Verona,2,2.05,3.1,4.0
2014-04-19,Genoa,Cagliari,2,2.2,3.1,3.5
2014-04-25,Roma,Milan,1,1.8,3.75,4.2
2014-04-26,Bologna,Fiorentina,2,3.4,3.4,2.1
2014-04-26,Inter,Napoli,X,2.25,3.4,3.1
2014-04-27,Verona,Catania,1,2.2,3.5,3.1
2014-04-27,Torino,Udinese,1,1.91,3.25,4.33
2014-04-27,Sampdoria,Chievo,1,2.4,3.1,3.1
2014-04-27,Atalanta,Genoa,X,2.2,3.25,3.3
2014-04-27,Cagliari,Parma,1,3.0,3.25,2.38
2014-04-27,Livorno,Lazio,2,3.1,3.4,2.25
2014-04-28,Sassuolo,Juventus,2,7.0,4.75,1.4
2014-05-04,Parma,Sampdoria,1,1.5,3.75,7.5
2014-05-04,Udinese,Livorno,1,1.83,3.6,4.2
2014-05-04,Milan,Inter,1,2.4,3.4,2.8
2014-05-04,Catania,Roma,1,6.5,4.5,1.44
2014-05-04,Chievo,Torino,2,2.75,3.2,2.6
2014-05-04,Genoa,Bologna,X,2.5,3.2,2.88
2014-05-05,Juventus,Atalanta,1,1.17,7.0,15.0
2014-05-05,Lazio,Verona,X,1.62,4.0,5.25
2014-05-06,Fiorentina,Sassuolo,2,1.65,4.0,4.75
2014-05-06,Napoli,Cagliari,1,1.44,4.33,7.0
2014-05-10,Inter,Lazio,1,1.73,3.75,4.5
2014-05-10,Verona,Udinese,X,2.2,3.5,3.1
2014-05-11,Torino,Parma,X,2.1,3.5,3.3
2014-05-11,Sassuolo,Genoa,1,1.53,3.8,6.5
2014-05-11,Sampdoria,Napoli,2,3.3,3.4,2.15
2014-05-11,Roma,Juventus,2,2.4,3.4,2.8
2014-05-11,Cagliari,Chievo,2,3.6,3.25,2.1
2014-05-11,Bologna,Catania,2,2.0,3.5,3.6
2014-05-11,Atalanta,Milan,1,5.5,3.8,1.62
2014-05-11,Livorno,Fiorentina,2,4.33,3.6,1.8
2014-05-17,Udinese,Sampdoria,X,1.73,3.8,4.5
2014-05-18,Lazio,Bologna,1,1.44,4.33,7.0
2014-05-18,Parma,Livorno,1,1.22,6.0,12.0
2014-05-18,Milan,Sassuolo,1,1.29,5.75,9.0
2014-05-18,Juventus,Cagliari,1,1.22,6.5,11.0
2014-05-18,Napoli,Verona,1,1.44,4.5,6.5
2014-05-18,Fiorentina,Torino,X,3.6,3.6,1.95
2014-05-18,Chievo,Inter,1,4.0,3.3,1.95
2014-05-18,Catania,Atalanta,1,2.25,3.4,3.1
2014-05-18,Genoa,Roma,1,4.5,3.8,1.73
2021-08-21,Inter,Genoa,1,1.33,5.25,9.0
2021-08-21,Verona,Sassuolo,2,2.62,3.3,2.62
2021-08-21,Empoli,Lazio,2,4.6,4.0,1.7
2021-08-21,Torino,Atalanta,2,5.5,4.33,1.55
2021-08-22,Bologna,Salernitana,1,1.65,4.0,5.0
2021-08-22,Udinese,Juventus,X,7.5,4.33,1.45
2021-08-22,Napoli,Venezia,1,1.22,6.5,12.0
2021-08-22,Roma,Fiorentina,1,1.72,3.8,4.75
2021-08-23,Sampdoria,Milan,2,4.0,3.6,1.9
2021-08-23,Cagliari,Spezia,X,1.95,3.4,4.0
2021-08-27,Udinese,Venezia,1,1.7,3.75,5.0
2021-08-27,Verona,Inter,2,5.5,4.33,1.55
2021-08-28,Atalanta,Bologna,X,1.33,5.5,8.0
2021-08-28,Lazio,Spezia,1,1.33,4.75,9.5
2021-08-28,Fiorentina,Torino,1,2.2,3.4,3.25
2021-08-28,Juventus,Empoli,2,1.22,6.5,12.0
2021-08-29,Genoa,Napoli,2,6.0,4.5,1.5
2021-08-29,Sassuolo,Sampdoria,X,2.0,3.6,3.6
2021-08-29,Milan,Cagliari,1,1.44,4.5,7.0
2021-08-29,Salernitana,Roma,2,5.5,4.33,1.55
2021-09-11,Atalanta,Fiorentina,2,1.55,4.33,5.5
2021-09-11,Empoli,Venezia,2,1.8,3.8,4.2
2021-09-11,Napoli,Juventus,1,2.4,3.6,2.8
2021-09-12,Sampdoria,Inter,X,5.0,4.0,1.61
2021-09-12,Cagliari,Genoa,2,2.0,3.5,3.75
2021-09-12,Spezia,Udinese,2,3.2,3.4,2.3
2021-09-12,Torino,Salernitana,1,1.57,4.2,5.75
2021-09-12,Milan,Lazio,1,2.2,3.6,3.1
2021-09-12,Roma,Sassuolo,1,1.57,4.75,5.0
2021-09-13,Bologna,Verona,1,2.1,3.7,3.2
2021-09-17,Sassuolo,Torino,2,1.72,4.0,4.33
2021-09-18,Salernitana,Atalanta,2,10.0,5.5,1.3
2021-09-18,Genoa,Fiorentina,2,3.3,3.3,2.25
2021-09-18,Inter,Bologna,1,1.36,5.0,8.5
2021-09-19,Empoli,Sampdoria,2,2.55,3.6,2.6
2021-09-19,Venezia,Spezia,2,2.45,3.4,2.9
2021-09-19,Lazio,Cagliari,X,1.44,4.75,7.0
2021-09-19,Verona,Roma,1,4.0,3.8,1.83
2021-09-19,Juventus,Milan,X,2.1,3.4,3.5
2021-09-20,Udinese,Napoli,2,4.5,3.6,1.83
2021-09-21,Bologna,Genoa,X,1.95,3.5,3.75
2021-09-21,Atalanta,Sassuolo,1,1.5,4.75,6.0
2021-09-21,Fiorentina,Inter,2,3.75,3.6,1.9
2021-09-22,Cagliari,Empoli,2,2.0,3.75,3.4
2021-09-22,Milan,Venezia,1,1.25,6.0,12.0
2021-09-22,Salernitana,Verona,X,3.5,3.4,2.05
2021-09-22,Spezia,Juventus,2,8.0,5.5,1.33
2021-09-23,Sampdoria,Napoli,2,4.2,3.6,1.83
2021-09-23,Torino,Lazio,X,3.25,3.5,2.15
2021-09-23,Roma,Udinese,1,1.55,4.2,5.5
2021-09-25,Spezia,Milan,2,7.0,4.5,1.45
2021-09-25,Inter,Atalanta,X,1.9,3.75,3.8
2021-09-25,Genoa,Verona,X,2.75,3.25,2.62
2021-09-26,Napoli,Cagliari,1,1.25,6.0,11.0
2021-09-26,Lazio,Roma,1,2.62,3.5,2.6
2021-09-26,Udinese,Fiorentina,2,3.1,3.4,2.3
2021-09-26,Sassuolo,Salernitana,1,1.4,5.0,7.5
2021-09-26,Empoli,Bologna,1,2.6,3.75,2.5
2021-09-26,Juventus,Sampdoria,1,1.3,5.75,9.0
2021-09-27,Venezia,Torino,X,3.6,3.5,2.05
2021-10-01,Cagliari,Venezia,X,1.85,3.5,4.33
2021-10-02,Salernitana,Genoa,1,2.87,3.3,2.45
2021-10-02,Torino,Juventus,2,4.5,3.5,1.8
2021-10-02,Sassuolo,Inter,2,4.33,4.2,1.7
2021-10-03,Roma,Empoli,1,1.4,5.0,7.0
2021-10-03,Fiorentina,Napoli,2,3.9,3.5,1.95
2021-10-03,Atalanta,Milan,2,2.05,3.75,3.4
2021-10-03,Sampdoria,Udinese,X,2.1,3.5,3.5
2021-10-03,Verona,Spezia,1,1.65,4.0,5.25
2021-10-03,Bologna,Lazio,1,3.1,3.6,2.2
2021-10-16,Milan,Verona,1,1.55,4.2,5.75
2021-10-16,Spezia,Salernitana,1,2.1,3.4,3.5
2021-10-16,Lazio,Inter,1,3.3,3.5,2.15
2021-10-17,Cagliari,Sampdoria,1,2.55,3.4,2.75
2021-10-17,Empoli,Atalanta,2,5.75,4.33,1.55
2021-10-17,Genoa,Sassuolo,X,3.1,3.5,2.25
2021-10-17,Udinese,Bologna,X,2.25,3.4,3.2
2021-10-17,Napoli,Torino,1,1.4,4.5,8.5
2021-10-17,Juventus,Roma,1,1.85,3.8,4.0
2021-10-18,Venezia,Fiorentina,1,4.2,3.75,1.83
2021-10-22,Torino,Genoa,1,1.7,3.7,5.0
2021-10-22,Sampdoria,Spezia,1,1.8,3.8,4.2
2021-10-23,Salernitana,Empoli,2,2.7,3.4,2.62
2021-10-23,Bologna,Milan,2,3.35,3.6,2.1
2021-10-23,Sassuolo,Venezia,1,1.57,4.2,5.5
2021-10-24,Atalanta,Udinese,X,1.4,5.0,7.5
2021-10-24,Fiorentina,Cagliari,1,1.65,4.0,5.25
2021-10-24,Verona,Lazio,1,3.1,3.6,2.2
2021-10-24,Roma,Napoli,X,2.87,3.5,2.4
2021-10-24,Inter,Juventus,X,2.05,3.6,3.4
2021-10-26,Milan,Torino,1,1.6,4.0,5.5
2021-10-26,Spezia,Genoa,X,2.3,3.5,3.0
2021-10-26,Venezia,Salernitana,2,1.95,3.4,4.0
2021-10-27,Lazio,Fiorentina,1,1.95,3.6,3.75
2021-10-27,Empoli,Inter,2,5.75,4.75,1.5
2021-10-27,Juventus,Sassuolo,2,1.44,4.75,6.5
2021-10-27,Udinese,Verona,X,2.4,3.4,2.9
2021-10-27,Sampdoria,Atalanta,2,4.33,4.2,1.72
2021-10-27,Cagliari,Roma,2,5.0,4.2,1.61
2021-10-28,Napoli,Bologna,1,1.3,5.5,9.5
2021-10-30,Atalanta,Lazio,X,1.9,3.8,3.8
2021-10-30,Verona,Juventus,1,4.0,3.8,1.85
2021-10-30,Torino,Sampdoria,1,1.9,3.75,3.8
2021-10-31,Roma,Milan,2,2.3,3.5,3.0
2021-10-31,Salernitana,Napoli,2,10.0,5.5,1.3
2021-10-31,Sassuolo,Empoli,2,1.75,4.1,4.2
2021-10-31,Genoa,Venezia,X,2.05,3.4,3.75
2021-10-31,Fiorentina,Spezia,1,1.53,4.5,5.75
2021-10-31,Inter,Udinese,1,1.36,5.0,8.5
2021-11-01,Bologna,Cagliari,1,1.8,3.6,4.5
2021-11-05,Empoli,Genoa,X,2.1,3.75,3.2
2021-11-06,Spezia,Torino,1,3.6,3.6,2.0
2021-11-06,Juventus,Fiorentina,1,1.57,4.2,5.5
2021-11-06,Cagliari,Atalanta,2,6.0,4.5,1.5
2021-11-07,Napoli,Verona,X,1.36,5.0,8.0
2021-11-07,Lazio,Salernitana,1,1.3,5.5,9.5
2021-11-07,Milan,Inter,X,3.25,3.5,2.15
2021-11-07,Sampdoria,Bologna,2,2.37,3.6,2.87
2021-11-07,Venezia,Roma,1,5.75,4.5,1.53
2021-11-07,Udinese,Sassuolo,1,2.4,3.5,2.8
2021-11-20,Atalanta,Spezia,1,1.25,6.5,9.5
2021-11-20,Lazio,Juventus,2,3.0,3.4,2.35
2021-11-20,Fiorentina,Milan,1,3.1,3.5,2.25
2021-11-21,Sassuolo,Cagliari,X,1.6,4.2,5.25
2021-11-21,Bologna,Venezia,2,1.61,4.0,5.5
2021-11-21,Salernitana,Sampdoria,2,3.1,3.25,2.37
2021-11-21,Inter,Napoli,1,2.2,3.5,3.25
2021-11-21,Genoa,Roma,2,4.75,3.9,1.7
2021-11-22,Torino,Udinese,1,2.05,3.4,3.7
2021-11-22,Verona,Empoli,1,1.7,4.0,4.5
2021-11-26,Cagliari,Salernitana,X,1.83,3.6,4.33
2021-11-27,Empoli,Fiorentina,1,3.4,3.4,2.15
2021-11-27,Sampdoria,Verona,1,2.9,3.5,2.37
2021-11-27,Juventus,Atalanta,2,2.2,3.5,3.25
2021-11-27,Venezia,Inter,2,8.0,5.0,1.36
2021-11-28,Udinese,Genoa,X,1.75,3.6,4.75
2021-11-28,Milan,Sassuolo,2,1.53,4.5,5.5
2021-11-28,Spezia,Bologna,2,3.0,3.5,2.3
2021-11-28,Roma,Torino,1,1.72,4.0,4.5
2021-11-28,Napoli,Lazio,1,1.8,3.8,4.33
2021-11-30,Salernitana,Juventus,2,9.5,5.5,1.3
2021-11-30,Verona,Cagliari,X,1.61,4.0,5.25
2021-11-30,Atalanta,Venezia,1,1.22,6.0,12.0
2021-11-30,Fiorentina,Sampdoria,1,1.7,3.8,5.0
2021-12-01,Inter,Spezia,1,1.18,7.5,13.0
2021-12-01,Genoa,Milan,2,5.0,4.0,1.66
2021-12-01,Sassuolo,Napoli,X,4.0,3.9,1.8
2021-12-01,Bologna,Roma,1,3.1,3.6,2.2
2021-12-02,Torino,Empoli,X,1.72,3.8,4.75
2021-12-02,Lazio,Udinese,X,1.66,3.8,5.25
2021-12-04,Milan,Salernitana,1,1.18,7.0,15.0
2021-12-04,Roma,Inter,2,3.8,3.8,1.9
2021-12-04,Napoli,Atalanta,2,2.45,3.5,2.8
2021-12-05,Juventus,Genoa,1,1.25,6.0,12.0
2021-12-05,Sampdoria,Lazio,2,3.5,3.6,2.05
2021-12-05,Venezia,Verona,2,3.6,3.5,2.0
2021-12-05,Bologna,Fiorentina,2,2.87,3.3,2.5
2021-12-05,Spezia,Sassuolo,X,3.3,3.75,2.05
2021-12-06,Empoli,Udinese,1,2.6,3.25,2.8
2021-12-06,Cagliari,Torino,X,3.5,3.2,2.25
2021-12-10,Genoa,Sampdoria,2,3.2,3.3,2.25
2021-12-11,Fiorentina,Salernitana,1,1.3,5.5,9.5
2021-12-11,Venezia,Juventus,X,9.0,4.75,1.36
2021-12-11,Udinese,Milan,X,4.2,3.5,1.9
2021-12-12,Inter,Cagliari,1,1.16,8.0,15.0
2021-12-12,Sassuolo,Lazio,1,2.7,3.5,2.5
2021-12-12,Napoli,Empoli,2,1.33,5.0,10.0
2021-12-12,Torino,Bologna,1,2.2,3.25,3.5
2021-12-12,Verona,Atalanta,2,3.8,3.8,1.9
2021-12-13,Roma,Spezia,1,1.4,5.0,7.5
2021-12-17,Lazio,Genoa,1,1.53,4.33,6.0
2021-12-17,Salernitana,Inter,2,15.0,8.0,1.16
2021-12-18,Atalanta,Roma,2,1.7,4.33,4.33
2021-12-18,Bologna,Juventus,2,4.1,3.7,1.83
2021-12-18,Cagliari,Udinese,2,3.0,3.25,2.4
2021-12-19,Milan,Napoli,2,2.25,3.5,3.1
2021-12-19,Torino,Verona,1,2.2,3.4,3.3
2021-12-19,Spezia,Empoli,X,2.62,3.75,2.45
2021-12-19,Fiorentina,Sassuolo,X,1.85,3.8,3.9
2021-12-19,Sampdoria,Venezia,X,1.8,3.8,4.33
2021-12-21,Genoa,Atalanta,X,7.5,5.25,1.36
2021-12-21,Juventus,Cagliari,1,1.18,6.5,17.0
2021-12-22,Sassuolo,Bologna,2,2.0,3.6,3.6
2021-12-22,Venezia,Lazio,2,4.2,3.6,1.85
2021-12-22,Inter,Torino,1,1.3,5.5,10.0
2021-12-22,Roma,Sampdoria,X,1.55,4.33,5.5
2021-12-22,Verona,Fiorentina,X,2.9,3.5,2.37
2021-12-22,Empoli,Milan,2,4.5,3.9,1.75
2021-12-22,Napoli,Spezia,2,1.22,6.5,12.0
2022-01-06,Lazio,Empoli,X,1.6,4.4,5.0
2022-01-06,Spezia,Verona,2,3.5,3.5,2.05
2022-01-06,Juventus,Napoli,X,1.9,3.6,4.0
2022-01-06,Sampdoria,Cagliari,2,1.85,3.75,4.0
2022-01-06,Sassuolo,Genoa,X,1.57,4.33,5.25
2022-01-06,Milan,Roma,1,1.9,3.7,3.8
2022-01-09,Venezia,Milan,2,6.0,4.0,1.57
2022-01-09,Verona,Salernitana,2,1.36,5.0,8.0
2022-01-09,Inter,Lazio,1,1.4,5.0,7.0
2022-01-09,Roma,Juventus,2,3.3,3.5,2.15
2022-01-09,Empoli,Sassuolo,2,2.5,3.8,2.55
2022-01-09,Udinese,Atalanta,2,3.5,3.6,2.05
2022-01-09,Napoli,Sampdoria,1,1.4,5.0,7.5
2022-01-09,Genoa,Spezia,2,2.1,3.3,3.6
2022-01-11,Cagliari,Bologna,1,2.75,3.3,2.55
2022-01-15,Sampdoria,Torino,2,3.0,3.2,2.45
2022-01-15,Juventus,Udinese,1,1.4,4.75,7.5
2022-01-15,Salernitana,Lazio,2,7.0,4.5,1.45
2022-01-16,Sassuolo,Verona,2,2.2,3.5,3.2
2022-01-16,Venezia,Empoli,X,2.62,3.5,2.55
2022-01-16,Roma,Cagliari,1,1.36,5.0,8.5
2022-01-16,Atalanta,Inter,X,2.87,3.75,2.3
2022-01-17,Bologna,Napoli,2,4.0,3.4,1.95
2022-01-17,Milan,Spezia,2,1.33,5.0,9.5
2022-01-17,Fiorentina,Genoa,1,1.45,4.2,7.5
2022-01-21,Verona,Bologna,1,1.95,3.6,3.8
2022-01-22,Lazio,Atalanta,X,3.2,3.5,2.2
2022-01-22,Genoa,Udinese,X,3.5,3.3,2.15
2022-01-22,Inter,Venezia,1,1.1,9.5,21.0
2022-01-23,Napoli,Salernitana,1,1.14,8.0,17.0
2022-01-23,Spezia,Sampdoria,1,2.7,3.3,2.62
2022-01-23,Torino,Sassuolo,X,2.1,3.6,3.3
2022-01-23,Empoli,Roma,2,4.0,4.2,1.8
2022-01-23,Milan,Juventus,X,2.62,3.3,2.7
2022-01-23,Cagliari,Fiorentina,X,5.25,4.1,1.61
2022-02-05,Roma,Genoa,X,1.36,5.5,7.5
2022-02-05,Inter,Milan,2,1.8,3.75,4.5
2022-02-05,Fiorentina,Lazio,2,2.37,3.5,2.9
2022-02-06,Juventus,Verona,1,1.53,4.33,6.0
2022-02-06,Udinese,Torino,1,3.1,3.3,2.37
2022-02-06,Sampdoria,Sassuolo,1,2.8,3.8,2.3
2022-02-06,Atalanta,Cagliari,2,1.25,6.5,11.0
2022-02-06,Venezia,Napoli,2,7.5,4.75,1.4
2022-02-06,Bologna,Empoli,X,2.0,3.6,3.6
2022-02-07,Salernitana,Spezia,X,2.87,3.4,2.5
2022-02-12,Lazio,Bologna,1,1.7,4.0,4.75
2022-02-12,Napoli,Inter,X,2.75,3.4,2.55
2022-02-12,Torino,Venezia,2,1.5,4.2,7.0
2022-02-13,Sassuolo,Roma,X,3.4,3.9,2.0
2022-02-13,Atalanta,Juventus,X,2.8,3.5,2.37
2022-02-13,Genoa,Salernitana,X,1.83,3.75,4.33
2022-02-13,Empoli,Cagliari,X,1.95,3.8,3.6
2022-02-13,Verona,Udinese,1,1.83,3.6,4.2
2022-02-13,Milan,Sampdoria,1,1.4,4.75,7.5
2022-02-14,Spezia,Fiorentina,2,3.75,3.6,1.95
2022-02-18,Juventus,Torino,X,1.57,3.75,6.5
2022-02-19,Sampdoria,Empoli,1,2.2,3.4,3.2
2022-02-19,Roma,Verona,X,1.95,3.75,3.6
2022-02-19,Salernitana,Milan,X,9.0,5.0,1.36
2022-02-20,Fiorentina,Atalanta,1,2.6,3.3,2.7
2022-02-20,Venezia,Genoa,X,2.5,3.2,2.9
2022-02-20,Inter,Sassuolo,2,1.28,6.0,9.0
2022-02-20,Udinese,Lazio,X,2.9,3.3,2.45
2022-02-21,Cagliari,Napoli,X,6.5,4.33,1.5
2022-02-21,Bologna,Spezia,1,1.8,3.8,4.33
2022-02-25,Milan,Udinese,X,1.5,4.0,7.0
2022-02-25,Genoa,Inter,X,9.0,5.25,1.33
2022-02-26,Salernitana,Bologna,X,3.5,3.4,2.15
2022-02-26,Empoli,Juventus,2,5.0,4.0,1.65
2022-02-26,Sassuolo,Fiorentina,1,2.7,3.6,2.45
2022-02-27,Spezia,Roma,2,4.5,3.6,1.8
2022-02-27,Lazio,Napoli,2,2.75,3.4,2.5
2022-02-27,Torino,Cagliari,2,1.65,3.8,5.5
2022-02-27,Verona,Venezia,1,1.53,4.0,6.0
2022-02-28,Atalanta,Sampdoria,1,1.44,5.0,6.5
2022-03-04,Inter,Salernitana,1,1.14,7.5,19.0
2022-03-05,Udinese,Sampdoria,1,1.9,3.4,4.33
2022-03-05,Roma,Atalanta,1,2.55,3.4,2.7
2022-03-05,Cagliari,Lazio,2,3.6,3.2,2.1
2022-03-06,Juventus,Spezia,1,1.22,6.25,13.0
2022-03-06,Venezia,Sassuolo,2,3.25,3.4,2.2
2022-03-06,Napoli,Milan,2,2.05,3.3,3.6
2022-03-06,Bologna,Torino,X,2.8,3.2,2.5
2022-03-06,Genoa,Empoli,X,2.5,3.2,2.87
2022-03-06,Fiorentina,Verona,X,1.95,3.5,3.6
2022-03-12,Salernitana,Sassuolo,X,3.8,4.2,1.8
2022-03-12,Spezia,Cagliari,1,2.62,3.3,2.62
2022-03-12,Sampdoria,Juventus,2,5.5,3.75,1.65
2022-03-12,Milan,Empoli,1,1.36,5.25,7.5
2022-03-13,Fiorentina,Bologna,1,1.61,4.0,5.5
2022-03-13,Verona,Napoli,2,3.25,3.6,2.15
2022-03-13,Atalanta,Genoa,X,1.33,5.25,9.0
2022-03-13,Udinese,Roma,X,3.1,3.5,2.25
2022-03-13,Torino,Inter,X,5.5,3.6,1.66
2022-03-14,Lazio,Venezia,1,1.33,5.5,8.5
2022-03-18,Sassuolo,Spezia,1,1.66,4.2,4.75
2022-03-18,Genoa,Torino,1,3.2,3.1,2.4
2022-03-19,Cagliari,Milan,2,5.25,4.0,1.6
2022-03-19,Napoli,Udinese,1,1.44,4.5,7.0
2022-03-19,Inter,Fiorentina,X,1.5,4.5,6.5
2022-03-20,Bologna,Atalanta,2,4.5,3.6,1.8
2022-03-20,Roma,Lazio,1,2.55,3.4,2.75
2022-03-20,Venezia,Sampdoria,2,2.62,3.3,2.7
2022-03-20,Empoli,Verona,X,2.62,3.5,2.55
2022-03-20,Juventus,Salernitana,1,1.2,7.0,13.0
2022-04-02,Spezia,Venezia,1,2.1,3.4,3.5
2022-04-02,Lazio,Sassuolo,1,1.72,4.2,4.2
2022-04-02,Salernitana,Torino,2,4.0,3.6,1.9
2022-04-03,Sampdoria,Roma,2,4.0,3.8,1.85
2022-04-03,Juventus,Inter,2,2.8,3.4,2.5
2022-04-03,Atalanta,Napoli,2,2.4,3.3,3.0
2022-04-03,Fiorentina,Empoli,1,1.55,4.33,5.5
2022-04-03,Udinese,Cagliari,1,1.8,3.5,4.75
2022-04-04,Verona,Genoa,1,1.83,3.4,4.75
2022-04-04,Milan,Bologna,X,1.4,4.5,8.5
2022-04-09,Empoli,Spezia,X,2.0,3.5,3.8
2022-04-09,Inter,Verona,1,1.36,5.25,8.0
2022-04-09,Cagliari,Juventus,2,6.0,4.0,1.6
2022-04-10,Torino,Milan,X,4.2,3.5,1.9
2022-04-10,Roma,Salernitana,1,1.28,5.75,11.0
2022-04-10,Sassuolo,Atalanta,1,3.3,3.75,2.1
2022-04-10,Napoli,Fiorentina,2,1.75,3.8,4.5
2022-04-10,Genoa,Lazio,2,4.2,3.5,1.9
2022-04-10,Venezia,Udinese,2,3.5,3.3,2.15
2022-04-11,Bologna,Sampdoria,1,2.1,3.5,3.5
2022-04-15,Spezia,Inter,2,9.5,5.5,1.3
2022-04-15,Milan,Genoa,1,1.33,5.0,11.0
2022-04-16,Lazio,Torino,X,1.65,3.8,5.5
2022-04-16,Fiorentina,Venezia,1,1.36,5.0,8.5
2022-04-16,Juventus,Bologna,X,1.33,5.0,10.0
2022-04-16,Sampdoria,Salernitana,2,1.83,3.75,4.2
2022-04-16,Cagliari,Sassuolo,1,2.87,3.6,2.37
2022-04-16,Udinese,Empoli,1,1.8,3.75,4.5
2022-04-18,Napoli,Roma,X,1.9,3.6,4.0
2022-04-18,Atalanta,Verona,2,1.65,4.1,5.0
2022-04-20,Udinese,Salernitana,2,1.5,4.5,6.0
2022-04-23,Torino,Spezia,1,1.66,3.6,5.5
2022-04-23,Venezia,Atalanta,2,6.5,4.33,1.5
2022-04-23,Inter,Roma,1,1.61,4.0,5.5
2022-04-23,Verona,Sampdoria,X,1.75,3.75,4.6
2022-04-24,Lazio,Milan,2,2.9,3.4,2.45
2022-04-24,Genoa,Cagliari,1,2.2,3.25,3.5
2022-04-24,Bologna,Udinese,X,2.8,3.25,2.6
2022-04-24,Empoli,Napoli,1,5.5,4.0,1.6
2022-04-24,Salernitana,Fiorentina,1,5.5,3.8,1.66
2022-04-25,Sassuolo,Juventus,2,4.2,3.9,1.8
2022-04-27,Fiorentina,Udinese,2,1.7,4.0,4.75
2022-04-27,Atalanta,Torino,X,1.6,4.0,5.75
2022-04-27,Bologna,Inter,1,7.0,5.0,1.4
2022-04-30,Cagliari,Verona,2,2.45,3.6,2.75
2022-04-30,Napoli,Sassuolo,1,1.45,4.75,6.5
2022-04-30,Sampdoria,Genoa,1,2.75,3.25,2.62
2022-04-30,Spezia,Lazio,2,5.5,3.75,1.65
2022-05-01,Roma,Bologna,X,1.5,4.5,6.0
2022-05-01,Udinese,Inter,2,6.0,4.2,1.55
2022-05-01,Milan,Fiorentina,1,1.61,4.0,5.5
2022-05-01,Juventus,Venezia,1,1.2,6.5,15.0
2022-05-01,Empoli,Torino,2,2.7,3.4,2.55
2022-05-02,Atalanta,Salernitana,X,1.25,6.5,9.5
2022-05-05,Salernitana,Venezia,1,1.75,3.6,4.5
2022-05-06,Inter,Empoli,1,1.14,9.0,15.0
2022-05-06,Genoa,Juventus,1,3.75,3.3,2.05
2022-05-07,Torino,Napoli,2,3.6,3.5,2.05
2022-05-07,Sassuolo,Udinese,X,2.3,3.6,2.87
2022-05-07,Lazio,Sampdoria,1,1.44,4.75,6.5
2022-05-08,Verona,Milan,2,4.33,4.2,1.7
2022-05-08,Venezia,Bologna,1,2.87,3.5,2.35
2022-05-08,Spezia,Atalanta,2,6.5,4.75,1.45
2022-05-08,Salernitana,Cagliari,X,2.37,3.4,3.0
2022-05-09,Fiorentina,Roma,1,2.37,3.3,3.0
2022-05-14,Empoli,Salernitana,X,3.1,3.75,2.1
2022-05-14,Udinese,Spezia,2,1.83,3.9,4.0
2022-05-14,Verona,Torino,2,2.3,3.5,3.0
2022-05-14,Roma,Venezia,X,1.25,6.5,11.0
2022-05-15,Bologna,Sassuolo,2,2.4,3.8,2.62
2022-05-15,Napoli,Genoa,1,1.8,4.0,3.8
2022-05-15,Milan,Atalanta,1,1.75,4.2,4.2
2022-05-15,Cagliari,Inter,2,7.0,5.25,1.4
2022-05-16,Sampdoria,Fiorentina,1,3.75,3.8,1.9
2022-05-16,Juventus,Lazio,X,2.25,3.6,2.9
2022-05-20,Torino,Roma,2,3.3,3.6,2.1
2022-05-21,Genoa,Bologna,2,2.25,3.6,3.0
2022-05-21,Atalanta,Empoli,2,1.22,7.0,11.0
2022-05-21,Fiorentina,Juventus,1,1.8,3.8,4.2
2022-05-21,Lazio,Verona,X,1.75,4.0,4.33
2022-05-22,Spezia,Napoli,2,5.75,4.5,1.53
2022-05-22,Inter,Sampdoria,1,1.14,8.0,19.0
2022-05-22,Sassuolo,Milan,2,6.5,4.75,1.45
2022-05-22,Salernitana,Udinese,2,1.7,4.0,4.75
2022-05-22,Venezia,Cagliari,X,4.5,3.8,1.72
2022-08-13,Milan,Udinese,1,1.44,4.75,7.0
2022-08-13,Sampdoria,Atalanta,2,4.33,3.9,1.75
2022-08-13,Lecce,Inter,2,10.0,5.75,1.28
2022-08-13,Monza,Torino,2,2.6,3.3,2.75
2022-08-14,Spezia,Empoli,1,2.45,3.3,2.9
2022-08-14,Fiorentina,Cremonese,1,1.36,5.0,8.5
2022-08-14,Lazio,Bologna,1,1.57,4.33,5.75
2022-08-14,Salernitana,Roma,2,6.5,4.75,1.44
2022-08-15,Verona,Napoli,2,3.5,3.5,2.05
2022-08-15,Juventus,Sassuolo,1,1.44,4.75,7.0
2022-08-20,Torino,Lazio,X,3.0,3.5,2.3
2022-08-20,Udinese,Salernitana,X,1.75,3.8,4.5
2022-08-20,Inter,Spezia,1,1.16,8.0,15.0
2022-08-20,Sassuolo,Lecce,1,1.75,4.0,4.2
2022-08-21,Bologna,Verona,X,2.15,3.5,3.3
2022-08-21,Empoli,Fiorentina,X,3.75,3.8,1.9
2022-08-21,Napoli,Monza,1,1.33,5.5,8.0
2022-08-21,Atalanta,Milan,X,2.75,3.5,2.5
2022-08-22,Sampdoria,Juventus,X,5.75,4.0,1.6
2022-08-22,Roma,Cremonese,1,1.25,6.5,11.0
2022-08-26,Lazio,Inter,1,4.0,3.8,1.83
2022-08-26,Monza,Udinese,2,3.1,3.4,2.3
2022-08-27,Cremonese,Torino,2,3.2,3.4,2.25
2022-08-27,Juventus,Roma,X,2.3,3.3,3.1
2022-08-27,Milan,Bologna,1,1.33,5.5,8.5
2022-08-27,Spezia,Sassuolo,X,3.0,3.6,2.25
2022-08-28,Lecce,Empoli,X,2.3,3.5,3.0
2022-08-28,Salernitana,Sampdoria,1,2.45,3.2,3.0
2022-08-28,Verona,Atalanta,2,4.2,4.0,1.75
2022-08-28,Fiorentina,Napoli,X,3.25,3.6,2.15
2022-08-30,Roma,Monza,1,1.3,5.5,10.0
2022-08-30,Inter,Cremonese,1,1.14,8.0,21.0
2022-08-30,Sassuolo,Milan,X,5.25,4.33,1.57
2022-08-31,Napoli,Lecce,X,1.25,6.25,11.0
2022-08-31,Empoli,Verona,X,2.62,3.3,2.7
2022-08-31,Sampdoria,Lazio,X,4.2,3.6,1.85
2022-08-31,Udinese,Fiorentina,1,2.7,3.5,2.5
2022-08-31,Juventus,Spezia,1,1.28,5.75,12.0
2022-09-01,Bologna,Salernitana,X,1.85,3.6,4.33
2022-09-01,Atalanta,Torino,1,1.72,3.75,5.25
2022-09-03,Lazio,Napoli,2,2.9,3.5,2.37
2022-09-03,Fiorentina,Juventus,X,3.0,3.25,2.4
2022-09-03,Milan,Inter,1,2.8,3.25,2.6
2022-09-04,Spezia,Bologna,X,3.0,3.3,2.37
2022-09-04,Udinese,Roma,1,4.2,3.75,1.85
2022-09-04,Verona,Sampdoria,1,2.05,3.6,3.6
2022-09-04,Cremonese,Sassuolo,X,3.0,3.5,2.25
2022-09-05,Monza,Atalanta,2,5.75,4.2,1.57
2022-09-05,Salernitana,Empoli,X,2.25,3.4,3.2
2022-09-05,Torino,Lecce,1,1.7,3.75,5.25
2022-09-10,Napoli,Spezia,1,1.25,6.0,11.0
2022-09-10,Inter,Torino,1,1.45,4.75,7.0
2022-09-10,Sampdoria,Milan,2,6.0,4.5,1.5
2022-09-11,Lecce,Monza,X,2.25,3.4,3.2
2022-09-11,Juventus,Salernitana,X,1.4,4.5,8.5
2022-09-11,Lazio,Verona,1,1.57,4.2,5.5
2022-09-11,Sassuolo,Udinese,2,2.7,3.5,2.55
2022-09-11,Bologna,Fiorentina,1,2.9,3.4,2.45
2022-09-11,Atalanta,Cremonese,X,1.3,5.5,9.5
2022-09-12,Empoli,Roma,2,5.0,3.8,1.7
2022-09-16,Salernitana,Lecce,2,2.25,3.3,3.3
2022-09-17,Bologna,Empoli,2,2.1,3.5,3.4
2022-09-17,Torino,Sassuolo,2,1.8,3.75,4.5
2022-09-17,Spezia,Sampdoria,1,2.7,3.25,2.7
2022-09-18,Monza,Juventus,1,4.5,3.6,1.8
2022-09-18,Milan,Napoli,2,2.15,3.5,3.3
2022-09-18,Roma,Atalanta,2,2.05,3.5,3.5
2022-09-18,Udinese,Inter,1,3.8,3.6,1.95
2022-09-18,Cremonese,Lazio,2,4.33,3.75,1.8
2022-09-18,Fiorentina,Verona,1,1.75,3.8,4.5
2022-10-01,Napoli,Torino,1,1.6,4.0,5.75
2022-10-01,Inter,Roma,2,2.0,3.5,3.75
2022-10-01,Empoli,Milan,2,5.5,4.0,1.6
2022-10-02,Sampdoria,Monza,2,2.25,3.4,3.2
2022-10-02,Lazio,Spezia,1,1.4,5.0,7.5
2022-10-02,Lecce,Cremonese,X,2.05,3.4,3.75
2022-10-02,Sassuolo,Salernitana,1,2.0,3.75,3.5
2022-10-02,Atalanta,Fiorentina,1,1.95,3.5,4.0
2022-10-02,Juventus,Bologna,1,1.5,4.33,6.5
2022-10-03,Verona,Udinese,2,3.25,3.4,2.2
2022-10-08,Bologna,Sampdoria,X,2.05,3.5,3.6
2022-10-08,Sassuolo,Inter,2,4.33,4.2,1.7
2022-10-08,Milan,Juventus,1,2.05,3.4,3.6
2022-10-09,Udinese,Atalanta,X,2.5,3.4,2.75
2022-10-09,Salernitana,Verona,1,2.4,3.4,2.87
2022-10-09,Cremonese,Napoli,2,7.0,4.5,1.45
2022-10-09,Torino,Empoli,X,1.72,3.6,5.0
2022-10-09,Monza,Spezia,1,1.9,3.6,4.0
2022-10-09,Roma,Lecce,1,1.33,5.25,8.5
2022-10-10,Fiorentina,Lazio,2,2.4,3.5,2.8
2022-10-15,Atalanta,Sassuolo,1,1.65,4.0,5.0
2022-10-15,Torino,Juventus,2,3.0,3.1,2.5
2022-10-15,Empoli,Monza,1,2.55,3.3,2.8
2022-10-16,Inter,Salernitana,1,1.3,5.75,9.0
2022-10-16,Lazio,Udinese,X,2.2,3.5,3.25
2022-10-16,Spezia,Cremonese,X,2.45,3.2,3.1
2022-10-16,Napoli,Bologna,1,1.25,6.0,11.0
2022-10-16,Verona,Milan,2,6.0,4.0,1.57
2022-10-17,Sampdoria,Roma,2,4.75,3.75,1.72
2022-10-17,Lecce,Fiorentina,X,3.75,3.4,2.05
2022-10-21,Juventus,Empoli,1,1.4,5.0,7.0
2022-10-22,Salernitana,Spezia,1,2.0,3.5,3.8
2022-10-22,Milan,Monza,1,1.4,5.0,7.5
2022-10-22,Fiorentina,Inter,2,3.6,3.5,2.05
2022-10-23,Roma,Napoli,2,2.87,3.5,2.4
2022-10-23,Udinese,Torino,2,2.0,3.3,4.0
2022-10-23,Bologna,Lecce,1,2.15,3.2,3.75
2022-10-23,Atalanta,Lazio,2,1.95,3.5,4.0
2022-10-24,Sassuolo,Verona,1,1.95,3.5,4.0
2022-10-24,Cremonese,Sampdoria,2,2.4,3.3,3.0
2022-10-29,Inter,Sampdoria,1,1.25,6.0,12.0
2022-10-29,Lecce,Juventus,2,4.33,3.3,1.9
2022-10-29,Napoli,Sassuolo,1,1.28,6.0,8.5
2022-10-30,Empoli,Atalanta,2,4.33,3.8,1.8
2022-10-30,Cremonese,Udinese,X,4.0,3.8,1.85
2022-10-30,Spezia,Fiorentina,2,4.0,3.6,1.9
2022-10-30,Lazio,Salernitana,2,1.5,4.5,6.5
2022-10-30,Torino,Milan,1,3.75,3.3,2.1
2022-10-31,Monza,Bologna,2,2.2,3.3,3.4
2022-10-31,Verona,Roma,2,4.33,3.6,1.83
2022-11-04,Udinese,Lecce,X,1.61,3.9,5.5
2022-11-05,Milan,Spezia,1,1.22,6.0,13.0
2022-11-05,Atalanta,Napoli,2,3.3,3.6,2.15
2022-11-05,Empoli,Sassuolo,1,2.8,3.4,2.45
2022-11-05,Salernitana,Cremonese,X,2.15,3.6,3.3
2022-11-06,Sampdoria,Fiorentina,2,4.2,3.4,1.9
2022-11-06,Juventus,Inter,1,3.1,3.4,2.37
2022-11-06,Bologna,Torino,1,3.0,3.1,2.5
2022-11-06,Monza,Verona,1,2.2,3.4,3.3
2022-11-06,Roma,Lazio,2,2.0,3.5,3.8
2022-11-08,Napoli,Empoli,1,1.25,6.5,9.5
2022-11-08,Cremonese,Milan,X,6.0,4.2,1.55
2022-11-08,Spezia,Udinese,X,4.0,3.5,1.9
2022-11-09,Torino,Sampdoria,1,1.61,3.8,5.75
2022-11-09,Inter,Bologna,1,1.28,5.75,10.0
2022-11-09,Fiorentina,Salernitana,1,1.53,4.2,6.25
2022-11-09,Lecce,Atalanta,1,4.75,3.5,1.8
2022-11-09,Sassuolo,Roma,X,3.4,3.6,2.1
2022-11-10,Verona,Juventus,2,5.0,3.8,1.66
2022-11-10,Lazio,Monza,1,1.61,4.2,5.0
2022-11-11,Empoli,Cremonese,1,2.5,3.4,2.8
2022-11-12,Napoli,Udinese,1,1.5,4.75,5.75
2022-11-12,Sampdoria,Lecce,2,2.62,3.0,3.0
2022-11-12,Bologna,Sassuolo,1,2.3,3.5,3.0
2022-11-13,Atalanta,Inter,2,3.1,3.75,2.2
2022-11-13,Monza,Salernitana,1,2.15,3.25,3.6
2022-11-13,Roma,Torino,X,1.9,3.4,4.33
2022-11-13,Verona,Spezia,2,2.1,3.4,3.6
2022-11-13,Milan,Fiorentina,1,1.7,3.8,5.0
2022-11-13,Juventus,Lazio,1,1.95,3.5,4.0
2023-01-04,Inter,Napoli,1,2.25,3.4,3.1
2023-01-04,Fiorentina,Monza,X,1.7,3.8,4.75
2023-01-04,Udinese,Empoli,X,1.6,4.2,5.75
2023-01-04,Cremonese,Juventus,2,4.75,3.8,1.67
2023-01-04,Roma,Bologna,1,1.6,3.8,5.5
2023-01-04,Lecce,Lazio,1,3.6,3.3,2.05
2023-01-04,Torino,Verona,X,1.83,3.4,4.5
2023-01-04,Spezia,Atalanta,X,4.75,3.8,1.67
2023-01-04,Sassuolo,Sampdoria,2,1.73,3.75,4.75
2023-01-04,Salernitana,Milan,2,7.0,4.33,1.45
2023-01-07,Fiorentina,Sassuolo,1,1.7,3.8,5.0
2023-01-07,Juventus,Udinese,1,1.75,3.8,4.5
2023-01-07,Monza,Inter,X,5.75,4.33,1.55
2023-01-08,Milan,Roma,X,1.83,3.6,4.33
2023-01-08,Sampdoria,Napoli,2,8.0,4.75,1.4
2023-01-08,Spezia,Lecce,X,2.6,3.1,2.9
2023-01-08,Lazio,Empoli,X,1.53,4.2,6.0
2023-01-08,Salernitana,Torino,X,3.7,3.2,2.15
2023-01-09,Verona,Cremonese,1,2.05,3.3,3.8
2023-01-09,Bologna,Atalanta,2,3.4,3.4,2.15
2023-01-13,Napoli,Juventus,1,1.91,3.5,4.0
2023-01-14,Cremonese,Monza,2,2.8,3.3,2.55
2023-01-14,Lecce,Milan,X,5.75,3.8,1.62
2023-01-14,Inter,Verona,1,1.3,5.5,9.5
2023-01-15,Atalanta,Salernitana,1,1.4,5.0,7.0
2023-01-15,Udinese,Bologna,2,1.91,3.4,4.2
2023-01-15,Roma,Fiorentina,1,1.95,3.5,4.0
2023-01-15,Sassuolo,Lazio,2,3.2,3.5,2.2
2023-01-15,Torino,Spezia,2,1.62,3.8,5.5
2023-01-16,Empoli,Sampdoria,1,2.2,3.2,3.5
2023-01-21,Verona,Lecce,1,2.38,3.1,3.2
2023-01-21,Fiorentina,Torino,2,2.1,3.3,3.6
2023-01-21,Salernitana,Napoli,2,9.5,5.75,1.29
2023-01-22,Monza,Sassuolo,X,2.2,3.4,3.3
2023-01-22,Spezia,Roma,2,4.75,3.5,1.83
2023-01-22,Sampdoria,Udinese,2,3.6,3.25,2.15
2023-01-22,Juventus,Atalanta,X,2.1,3.4,3.5
2023-01-23,Inter,Empoli,2,1.29,6.0,9.5
2023-01-23,Bologna,Cremonese,X,1.91,3.4,4.33
2023-01-24,Lazio,Milan,1,3.2,3.4,2.25
2023-01-27,Bologna,Spezia,1,1.85,3.4,4.5
2023-01-27,Lecce,Salernitana,2,1.8,3.4,4.75
2023-01-28,Empoli,Torino,X,3.25,3.1,2.4
2023-01-28,Cremonese,Inter,2,6.5,4.33,1.5
2023-01-28,Atalanta,Sampdoria,1,1.33,5.25,9.0
2023-01-29,Napoli,Roma,1,1.73,3.6,5.25
2023-01-29,Lazio,Fiorentina,X,2.1,3.4,3.6
2023-01-29,Juventus,Monza,2,1.55,4.0,6.5
2023-01-29,Milan,Sassuolo,2,1.5,4.5,6.5
2023-01-30,Udinese,Verona,X,1.8,3.75,4.33
2023-02-04,Cremonese,Lecce,2,2.63,3.1,2.8
2023-02-04,Roma,Empoli,1,1.5,4.2,6.5
2023-02-04,Sassuolo,Atalanta,1,3.75,3.6,1.91
2023-02-05,Inter,Milan,1,1.95,3.5,4.0
2023-02-05,Spezia,Napoli,2,8.0,5.25,1.36
2023-02-05,Torino,Udinese,1,2.25,3.25,3.3
2023-02-05,Fiorentina,Bologna,2,1.83,3.5,4.5
2023-02-06,Monza,Sampdoria,X,1.8,3.5,4.75
2023-02-06,Verona,Lazio,X,3.6,3.6,2.0
2023-02-07,Salernitana,Juventus,2,7.0,4.2,1.5
2023-02-10,Milan,Torino,1,1.8,3.5,4.75
2023-02-11,Empoli,Spezia,X,2.0,3.5,3.75
2023-02-11,Lecce,Roma,X,4.33,3.25,1.95
2023-02-11,Lazio,Atalanta,2,2.38,3.4,3.0
2023-02-12,Udinese,Sassuolo,X,2.0,3.6,3.6
2023-02-12,Bologna,Monza,2,2.2,3.2,3.5
2023-02-12,Juventus,Fiorentina,1,1.83,3.5,4.5
2023-02-12,Napoli,Cremonese,1,1.18,7.5,13.0
2023-02-13,Sampdoria,Inter,X,7.0,4.5,1.44
2023-02-13,Verona,Salernitana,1,1.85,3.4,4.5
2023-02-17,Sassuolo,Napoli,2,5.0,4.0,1.6
2023-02-18,Sampdoria,Bologna,2,3.25,3.1,2.38
2023-02-18,Monza,Milan,2,3.75,3.3,2.1
2023-02-18,Inter,Udinese,1,1.53,4.2,6.0
2023-02-19,Atalanta,Lecce,2,1.5,4.0,7.0
2023-02-19,Fiorentina,Empoli,X,1.6,4.0,5.75
2023-02-19,Salernitana,Lazio,2,5.5,3.75,1.7
2023-02-19,Spezia,Juventus,2,6.0,3.75,1.62
2023-02-19,Roma,Verona,1,1.65,3.6,5.75
2023-02-20,Torino,Cremonese,X,1.65,3.8,5.25
2023-02-25,Lecce,Sassuolo,2,2.45,3.25,2.9
2023-02-25,Empoli,Napoli,2,7.0,4.75,1.44
2023-02-26,Udinese,Spezia,X,1.62,3.8,5.75
2023-02-26,Milan,Atalanta,1,2.15,3.4,3.4
2023-02-26,Bologna,Inter,1,5.5,3.75,1.7
2023-02-26,Salernitana,Monza,1,3.6,3.3,2.05
2023-02-27,Verona,Fiorentina,2,3.25,3.25,2.25
2023-02-27,Lazio,Sampdoria,1,1.44,4.33,8.0
2023-02-28,Cremonese,Roma,1,5.25,3.4,1.75
2023-02-28,Juventus,Torino,1,1.73,3.4,5.5
2023-03-03,Napoli,Lazio,2,1.65,3.8,5.25
2023-03-04,Monza,Empoli,1,2.1,3.25,3.8
2023-03-04,Atalanta,Udinese,X,1.62,4.0,5.5
2023-03-04,Fiorentina,Milan,1,2.8,3.3,2.55
2023-03-05,Roma,Juventus,1,2.7,3.0,2.88
2023-03-05,Inter,Lecce,1,1.36,4.75,9.5
2023-03-05,Spezia,Verona,X,2.7,3.1,2.8
2023-03-05,Sampdoria,Salernitana,X,2.3,3.25,3.2
2023-03-06,Sassuolo,Cremonese,1,1.8,3.6,4.5
2023-03-06,Torino,Bologna,1,2.4,2.9,3.4
2023-03-10,Spezia,Inter,1,8.0,4.6,1.4
2023-03-11,Empoli,Udinese,2,3.0,3.25,2.4
2023-03-11,Napoli,Atalanta,1,1.67,4.0,5.0
2023-03-11,Bologna,Lazio,X,3.1,3.1,2.38
2023-03-12,Verona,Monza,X,2.5,3.2,2.9
2023-03-12,Juventus,Sampdoria,1,1.33,4.75,10.0
2023-03-12,Roma,Sassuolo,2,1.67,3.6,5.5
2023-03-12,Cremonese,Fiorentina,2,4.33,3.6,1.85
2023-03-12,Lecce,Torino,2,3.0,3.0,2.63
2023-03-13,Milan,Salernitana,X,1.25,6.0,11.0
2023-03-17,Sassuolo,Spezia,1,1.7,3.75,4.5
2023-03-17,Atalanta,Empoli,1,1.4,4.5,7.5
2023-03-18,Monza,Cremonese,X,1.8,3.5,4.5
2023-03-18,Salernitana,Bologna,X,3.4,3.25,2.2
2023-03-18,Udinese,Milan,1,3.5,3.4,2.15
2023-03-19,Sampdoria,Verona,1,2.88,3.1,2.45
2023-03-19,Fiorentina,Lecce,1,1.6,3.75,5.75
2023-03-19,Torino,Napoli,2,4.33,3.6,1.75
2023-03-19,Lazio,Roma,1,2.75,3.0,2.75
2023-03-19,Inter,Juventus,2,1.91,3.4,4.0
2023-04-01,Inter,Fiorentina,2,1.75,3.8,4.5
2023-04-01,Cremonese,Atalanta,2,5.5,3.8,1.67
2023-04-01,Juventus,Verona,1,1.4,4.2,9.0
2023-04-02,Monza,Lazio,2,3.8,3.3,2.05
2023-04-02,Napoli,Milan,2,1.73,3.6,5.0
2023-04-02,Spezia,Salernitana,X,2.3,3.3,3.2
2023-04-02,Bologna,Udinese,1,2.2,3.3,3.4
2023-04-02,Roma,Sampdoria,1,1.44,4.2,9.0
2023-04-03,Empoli,Lecce,1,2.45,3.1,3.1
2023-04-03,Sassuolo,Torino,X,2.4,3.3,3.0
2023-04-07,Milan,Empoli,X,1.36,4.75,9.0
2023-04-07,Lecce,Napoli,2,5.75,3.6,1.65
2023-04-07,Salernitana,Inter,X,7.5,4.5,1.45
2023-04-08,Udinese,Monza,X,2.0,3.5,3.8
2023-04-08,Fiorentina,Spezia,X,1.4,4.5,8.5
2023-04-08,Atalanta,Bologna,2,1.65,3.8,5.5
2023-04-08,Sampdoria,Cremonese,2,2.38,3.25,3.2
2023-04-08,Torino,Roma,2,3.4,3.0,2.38
2023-04-08,Verona,Sassuolo,1,2.63,3.3,2.7
2023-04-08,Lazio,Juventus,1,2.75,2.9,2.9
2023-04-14,Spezia,Lazio,2,5.25,3.6,1.7
2023-04-14,Cremonese,Empoli,1,2.45,3.3,2.88
2023-04-15,Bologna,Milan,X,3.1,3.1,2.45
2023-04-15,Napoli,Verona,X,1.53,4.0,6.5
2023-04-15,Inter,Monza,2,1.44,4.5,7.5
2023-04-16,Lecce,Sampdoria,X,1.95,3.2,4.33
2023-04-16,Torino,Salernitana,X,1.73,3.5,5.25
2023-04-16,Sassuolo,Juventus,1,3.8,3.5,2.0
2023-04-16,Roma,Udinese,1,1.85,3.4,4.5
2023-04-17,Fiorentina,Atalanta,X,2.4,3.4,2.9
2023-04-21,Verona,Bologna,1,2.75,3.0,2.8
2023-04-22,Sampdoria,Spezia,X,2.55,3.2,2.88
2023-04-22,Lazio,Torino,2,1.83,3.4,4.75
2023-04-22,Salernitana,Sassuolo,1,3.1,3.5,2.25
2023-04-23,Empoli,Inter,2,6.5,4.2,1.53
2023-04-23,Monza,Fiorentina,1,3.7,3.4,2.05
2023-04-23,Udinese,Cremonese,1,1.7,3.8,5.0
2023-04-23,Milan,Lecce,1,1.5,4.2,7.0
2023-04-23,Juventus,Napoli,2,2.88,3.1,2.6
2023-04-24,Atalanta,Roma,1,2.3,3.25,3.2
2023-04-28,Lecce,Udinese,1,2.45,3.0,3.2
2023-04-28,Spezia,Monza,2,2.8,3.3,2.55
2023-04-29,Roma,Milan,X,2.75,3.0,2.75
2023-04-29,Torino,Atalanta,2,2.88,3.3,2.45
2023-04-30,Sassuolo,Empoli,1,1.75,3.8,4.5
2023-04-30,Napoli,Salernitana,X,1.22,6.5,12.0
2023-04-30,Bologna,Juventus,X,3.4,3.3,2.2
2023-04-30,Inter,Lazio,1,1.8,3.6,4.5
2023-04-30,Fiorentina,Sampdoria,1,1.33,5.25,9.0
2023-04-30,Cremonese,Verona,X,3.0,3.3,2.45
2023-05-03,Verona,Inter,2,5.5,3.75,1.67
2023-05-03,Milan,Cremonese,X,1.33,5.0,9.5
2023-05-03,Monza,Roma,X,3.75,3.1,2.15
2023-05-03,Lazio,Sassuolo,1,1.67,4.0,5.0
2023-05-03,Sampdoria,Torino,2,4.2,3.4,1.91
2023-05-03,Salernitana,Fiorentina,X,4.75,3.75,1.73
2023-05-03,Juventus,Lecce,1,1.6,3.8,6.0
2023-05-03,Atalanta,Spezia,1,1.36,5.0,8.0
2023-05-04,Empoli,Bologna,1,2.9,3.2,2.55
2023-05-04,Udinese,Napoli,X,4.75,3.6,1.75
2023-05-06,Milan,Lazio,1,1.95,3.4,4.0
2023-05-06,Roma,Inter,2,3.1,3.1,2.45
2023-05-06,Cremonese,Spezia,1,2.35,3.4,3.0
2023-05-07,Lecce,Verona,2,2.2,3.0,3.75
2023-05-07,Napoli,Fiorentina,1,1.8,3.8,4.33
2023-05-07,Torino,Monza,X,2.0,3.3,4.0
2023-05-07,Atalanta,Juventus,2,2.3,3.4,3.1
2023-05-08,Empoli,Salernitana,1,2.2,3.1,3.6
2023-05-08,Udinese,Sampdoria,1,1.5,4.33,6.5
2023-05-08,Sassuolo,Bologna,X,2.3,3.5,3.0
2023-05-12,Lazio,Lecce,X,1.7,3.5,5.5
2023-05-13,Salernitana,Atalanta,1,4.75,4.2,1.65
2023-05-13,Spezia,Milan,1,4.2,3.5,1.91
2023-05-13,Inter,Sassuolo,1,1.4,5.0,7.0
2023-05-14,Juventus,Cremonese,1,1.36,4.75,9.0
2023-05-14,Bologna,Roma,X,3.1,3.1,2.45
2023-05-14,Monza,Napoli,1,4.75,3.75,1.73
2023-05-14,Verona,Torino,2,2.4,3.1,3.2
2023-05-14,Fiorentina,Udinese,1,1.95,3.6,3.8
2023-05-15,Sampdoria,Empoli,X,3.2,3.3,2.3
2023-05-19,Sassuolo,Monza,2,2.15,3.6,3.2
2023-05-20,Cremonese,Bologna,2,2.88,3.4,2.4
2023-05-20,Atalanta,Verona,1,1.53,4.2,6.0
2023-05-20,Milan,Sampdoria,1,1.17,7.5,17.0
2023-05-21,Napoli,Inter,1,2.9,3.3,2.45
2023-05-21,Lecce,Spezia,X,2.2,3.1,3.6
2023-05-21,Torino,Fiorentina,X,1.95,3.4,4.2
2023-05-21,Udinese,Lazio,2,3.8,3.4,2.0
2023-05-22,Roma,Salernitana,X,1.45,4.2,7.5
2023-05-22,Empoli,Juventus,1,5.5,3.75,1.65
2023-05-26,Sampdoria,Sassuolo,X,3.8,4.1,1.83
2023-05-27,Fiorentina,Roma,1,2.05,3.5,3.6
2023-05-27,Spezia,Torino,2,2.38,3.25,3.1
2023-05-27,Inter,Atalanta,1,1.83,3.8,4.0
2023-05-27,Salernitana,Udinese,1,2.7,3.5,2.55
2023-05-28,Monza,Lecce,2,2.45,3.3,2.9
2023-05-28,Bologna,Napoli,X,3.4,3.3,2.2
2023-05-28,Lazio,Cremonese,1,1.22,6.5,12.0
2023-05-28,Verona,Empoli,X,1.7,3.8,5.0
2023-05-28,Juventus,Milan,2,2.3,3.4,3.1
2023-06-02,Sassuolo,Fiorentina,2,2.6,3.75,2.5
2023-06-03,Torino,Inter,2,2.3,3.5,3.0
2023-06-03,Empoli,Lazio,2,3.25,3.75,2.1
2023-06-03,Cremonese,Salernitana,1,2.6,3.6,2.5
2023-06-04,Roma,Spezia,1,1.95,3.6,3.8
2023-06-04,Udinese,Juventus,2,3.8,3.5,1.95
2023-06-04,Milan,Verona,1,1.73,4.0,4.5
2023-06-04,Atalanta,Monza,1,1.57,4.5,5.0
2023-06-04,Napoli,Sampdoria,1,1.18,7.0,13.0
2023-06-04,Lecce,Bologna,2,2.75,3.5,2.45
2023-08-19,Empoli,Verona,2,2.25,3.2,3.3
2023-08-19,Frosinone,Napoli,2,8.5,5.0,1.36
2023-08-19,Genoa,Fiorentina,2,3.4,3.25,2.2
2023-08-19,Inter,Monza,1,1.4,5.0,7.0
2023-08-20,Lecce,Lazio,1,3.6,3.3,2.1
2023-08-20,Udinese,Juventus,2,4.33,3.6,1.83
2023-08-20,Sassuolo,Atalanta,2,3.5,3.4,2.1
2023-08-20,Roma,Salernitana,X,1.53,4.0,6.5
2023-08-21,Torino,Cagliari,X,1.67,3.75,5.25
2023-08-21,Bologna,Milan,2,4.0,3.4,1.95
2023-08-26,Frosinone,Atalanta,1,5.0,4.0,1.67
2023-08-26,Monza,Empoli,1,1.91,3.5,4.2
2023-08-26,Milan,Torino,1,1.65,3.8,5.0
2023-08-26,Verona,Roma,1,4.33,3.5,1.83
2023-08-27,Lazio,Genoa,2,1.55,4.0,6.0
2023-08-27,Napoli,Sassuolo,1,1.33,5.5,8.5
2023-08-27,Fiorentina,Lecce,X,1.57,4.2,5.75
2023-08-27,Juventus,Bologna,X,1.5,4.5,6.0
2023-08-28,Salernitana,Udinese,X,2.7,3.2,2.63
2023-08-28,Cagliari,Inter,2,7.5,4.5,1.44
2023-09-01,Roma,Milan,2,2.8,3.1,2.63
2023-09-01,Sassuolo,Verona,1,2.0,3.6,3.75
2023-09-02,Atalanta,Monza,1,1.62,4.0,5.25
2023-09-02,Udinese,Frosinone,X,1.8,3.6,4.5
2023-09-02,Napoli,Lazio,2,1.62,4.0,5.5
2023-09-02,Bologna,Cagliari,1,1.7,3.75,5.0
2023-09-03,Lecce,Salernitana,1,2.0,3.3,4.0
2023-09-03,Empoli,Juventus,2,5.25,3.8,1.67
2023-09-03,Torino,Genoa,1,2.0,3.3,4.0
2023-09-03,Inter,Fiorentina,1,1.65,3.8,5.25
2023-09-16,Juventus,Lazio,1,1.91,3.4,4.33
2023-09-16,Inter,Milan,1,2.15,3.5,3.4
2023-09-16,Genoa,Napoli,X,5.5,3.8,1.67
2023-09-17,Roma,Empoli,1,1.44,4.5,7.5
2023-09-17,Monza,Lecce,X,2.1,3.4,3.5
2023-09-17,Fiorentina,Atalanta,1,2.38,3.5,2.88
2023-09-17,Cagliari,Udinese,X,2.88,3.3,2.5
2023-09-17,Frosinone,Sassuolo,1,2.8,3.4,2.5
2023-09-18,Salernitana,Torino,2,3.6,3.25,2.2
2023-09-18,Verona,Bologna,X,3.1,3.3,2.38
2023-09-22,Salernitana,Frosinone,X,2.5,3.2,2.9
2023-09-22,Lecce,Genoa,1,2.45,3.2,3.1
2023-09-23,Sassuolo,Juventus,1,4.0,4.0,1.8
2023-09-23,Milan,Verona,1,1.36,4.75,9.0
2023-09-23,Lazio,Monza,X,1.8,3.8,4.2
2023-09-24,Atalanta,Cagliari,1,1.4,5.0,8.0
2023-09-24,Torino,Roma,X,3.1,2.9,2.6
2023-09-24,Udinese,Fiorentina,2,3.2,3.5,2.25
2023-09-24,Empoli,Inter,2,9.0,5.25,1.33
2023-09-24,Bologna,Napoli,X,3.75,3.6,1.91
2023-09-26,Juventus,Lecce,1,1.5,4.2,7.0
2023-09-27,Cagliari,Milan,2,5.25,3.8,1.67
2023-09-27,Empoli,Salernitana,1,2.3,3.3,3.2
2023-09-27,Verona,Atalanta,2,4.2,3.75,1.83
2023-09-27,Inter,Sassuolo,2,1.33,5.5,8.0
2023-09-27,Lazio,Torino,1,2.15,3.25,3.5
2023-09-27,Napoli,Udinese,1,1.36,5.0,8.5
2023-09-28,Genoa,Roma,1,3.8,3.25,2.05
2023-09-28,Monza,Bologna,X,2.38,3.3,3.0
2023-09-28,Frosinone,Fiorentina,X,3.75,3.6,1.95
2023-09-30,Lecce,Napoli,2,4.75,3.8,1.75
2023-09-30,Milan,Lazio,1,1.73,3.6,5.0
2023-09-30,Salernitana,Inter,2,8.0,4.75,1.4
2023-10-01,Atalanta,Juventus,X,2.5,3.4,2.8
2023-10-01,Bologna,Empoli,1,1.62,4.0,5.5
2023-10-01,Udinese,Genoa,X,2.38,3.1,3.2
2023-10-01,Roma,Frosinone,1,1.44,4.2,8.0
2023-10-02,Sassuolo,Monza,2,2.25,3.75,2.88
2023-10-02,Fiorentina,Cagliari,1,1.5,4.2,7.0
2023-10-02,Torino,Verona,X,1.85,3.5,4.33
2023-10-06,Empoli,Udinese,X,3.1,3.25,2.38
2023-10-06,Lecce,Sassuolo,X,2.55,3.4,2.7
2023-10-07,Inter,Bologna,X,1.36,5.5,7.5
2023-10-07,Juventus,Torino,1,1.91,3.3,4.33
2023-10-07,Genoa,Milan,2,4.2,3.5,1.91
2023-10-08,Monza,Salernitana,1,1.7,3.8,5.0
2023-10-08,Frosinone,Verona,1,2.35,3.3,3.1
2023-10-08,Lazio,Atalanta,1,2.7,3.3,2.63
2023-10-08,Cagliari,Roma,2,4.75,3.3,1.83
2023-10-08,Napoli,Fiorentina,2,1.6,4.2,5.5
2023-10-21,Verona,Napoli,2,5.5,3.75,1.65
2023-10-21,Torino,Inter,2,5.5,3.6,1.7
2023-10-21,Sassuolo,Lazio,2,2.7,3.5,2.5
2023-10-22,Milan,Juventus,2,2.25,3.4,3.2
2023-10-22,Roma,Monza,1,1.7,3.6,5.25
2023-10-22,Bologna,Frosinone,1,1.73,3.75,5.0
2023-10-22,Salernitana,Cagliari,X,2.2,3.2,3.5
2023-10-22,Atalanta,Genoa,1,1.55,3.8,6.5
2023-10-23,Fiorentina,Empoli,2,1.44,4.33,8.0
2023-10-23,Udinese,Lecce,X,2.2,3.3,3.4
2023-10-27,Genoa,Salernitana,1,1.73,3.6,5.25
2023-10-28,Juventus,Verona,1,1.36,5.0,8.0
2023-10-28,Sassuolo,Bologna,X,2.6,3.4,2.63
2023-10-28,Lecce,Torino,2,2.75,3.0,2.8
2023-10-29,Napoli,Milan,X,2.2,3.4,3.3
2023-10-29,Inter,Roma,1,1.62,4.0,5.5
2023-10-29,Monza,Udinese,X,2.0,3.6,3.6
2023-10-29,Cagliari,Frosinone,1,2.3,3.3,3.2
2023-10-30,Empoli,Atalanta,2,5.25,3.75,1.67
2023-10-30,Lazio,Fiorentina,1,2.25,3.25,3.25
2023-11-03,Bologna,Lazio,1,2.63,3.2,2.75
2023-11-04,Salernitana,Napoli,2,7.0,4.75,1.44
2023-11-04,Atalanta,Inter,2,3.3,3.5,2.15
2023-11-04,Milan,Udinese,2,1.45,4.5,7.0
2023-11-05,Fiorentina,Juventus,2,2.9,3.2,2.55
2023-11-05,Roma,Lecce,1,1.57,3.8,6.5
2023-11-05,Cagliari,Genoa,1,2.7,3.2,2.7
2023-11-05,Verona,Monza,2,3.2,3.25,2.3
2023-11-06,Frosinone,Empoli,1,2.0,3.6,3.6
2023-11-06,Torino,Sassuolo,1,2.15,3.4,3.4
2023-11-10,Sassuolo,Salernitana,X,1.65,4.2,4.75
2023-11-10,Genoa,Verona,1,1.91,3.3,4.33
2023-11-11,Lecce,Milan,X,5.0,3.6,1.75
2023-11-11,Juventus,Cagliari,1,1.36,5.0,8.0
2023-11-11,Monza,Torino,X,2.5,3.1,3.0
2023-11-12,Inter,Frosinone,1,1.18,8.0,13.0
2023-11-12,Lazio,Roma,X,3.0,3.0,2.63
2023-11-12,Udinese,Atalanta,X,3.75,3.5,2.0
2023-11-12,Napoli,Empoli,2,1.22,7.0,11.0
2023-11-12,Fiorentina,Bologna,1,2.0,3.4,3.8
2023-11-25,Salernitana,Lazio,1,4.75,3.75,1.75
2023-11-25,Atalanta,Napoli,2,2.7,3.4,2.63
2023-11-25,Milan,Fiorentina,1,2.1,3.3,3.5
2023-11-26,Juventus,Inter,X,3.3,3.25,2.25
2023-11-26,Roma,Udinese,1,1.62,3.8,5.75
2023-11-26,Frosinone,Genoa,1,2.5,3.25,2.88
2023-11-26,Cagliari,Monza,X,2.88,3.25,2.5
2023-11-26,Empoli,Sassuolo,2,2.75,3.6,2.4
2023-11-27,Verona,Lecce,X,2.75,3.0,2.88
2023-11-27,Bologna,Torino,1,2.3,3.25,3.2
2023-12-01,Monza,Juventus,2,4.2,3.3,1.95
2023-12-02,Milan,Frosinone,1,1.44,4.5,7.5
2023-12-02,Genoa,Empoli,X,1.91,3.6,3.8
2023-12-02,Lazio,Cagliari,1,1.62,4.0,5.25
2023-12-03,Udinese,Verona,X,1.7,3.6,5.25
2023-12-03,Fiorentina,Salernitana,1,1.45,4.75,7.0
2023-12-03,Sassuolo,Roma,2,3.8,3.75,1.91
2023-12-03,Lecce,Bologna,X,3.0,3.2,2.45
2023-12-03,Napoli,Inter,2,2.8,3.5,2.4
2023-12-04,Torino,Atalanta,1,2.9,3.2,2.45
2023-12-08,Juventus,Napoli,1,2.25,3.25,3.25
2023-12-09,Verona,Lazio,X,4.2,3.4,1.95
2023-12-09,Atalanta,Milan,1,2.5,3.2,3.0
2023-12-09,Inter,Udinese,1,1.29,6.5,9.0
2023-12-10,Frosinone,Torino,X,3.4,3.2,2.25
2023-12-10,Monza,Genoa,1,2.15,3.1,3.75
2023-12-10,Salernitana,Bologna,2,3.75,3.3,2.05
2023-12-10,Roma,Fiorentina,X,2.1,3.3,3.5
2023-12-11,Cagliari,Sassuolo,1,2.3,3.5,3.0
2023-12-11,Empoli,Lecce,X,2.55,3.2,3.0
2023-12-15,Genoa,Juventus,X,4.75,3.2,1.91
2023-12-16,Lecce,Frosinone,1,2.15,3.3,3.5
2023-12-16,Napoli,Cagliari,1,1.33,5.0,9.5
2023-12-16,Torino,Empoli,1,1.6,3.8,6.0
2023-12-17,Milan,Monza,1,1.62,4.33,5.0
2023-12-17,Fiorentina,Verona,1,1.4,5.0,7.0
2023-12-17,Udinese,Sassuolo,X,2.25,3.5,3.1
2023-12-17,Bologna,Roma,1,2.38,3.0,3.25
2023-12-17,Lazio,Inter,2,4.75,3.8,1.73
2023-12-18,Atalanta,Salernitana,1,1.3,5.5,10.0
2023-12-22,Monza,Fiorentina,2,2.88,3.2,2.55
2023-12-22,Salernitana,Milan,X,8.0,4.5,1.44
2023-12-22,Empoli,Lazio,2,4.2,3.4,1.91
2023-12-22,Sassuolo,Genoa,2,2.25,3.3,3.25
2023-12-23,Frosinone,Juventus,2,6.0,3.75,1.62
2023-12-23,Bologna,Atalanta,1,2.7,3.2,2.75
2023-12-23,Torino,Udinese,X,1.75,3.5,5.0
2023-12-23,Inter,Lecce,1,1.22,7.0,11.0
2023-12-23,Verona,Cagliari,1,2.38,3.25,3.1
2023-12-23,Roma,Napoli,1,3.0,3.1,2.5
2023-12-29,Napoli,Monza,X,1.62,4.0,5.5
2023-12-29,Lazio,Frosinone,1,1.67,3.8,5.25
2023-12-29,Genoa,Inter,X,5.5,3.8,1.65
2023-12-29,Fiorentina,Torino,1,2.1,3.2,3.6
2023-12-30,Juventus,Roma,1,2.05,3.0,4.2
2023-12-30,Atalanta,Lecce,1,1.4,4.6,8.0
2023-12-30,Cagliari,Empoli,X,2.05,3.4,3.6
2023-12-30,Udinese,Bologna,1,3.5,3.1,2.25
2023-12-30,Milan,Sassuolo,1,1.45,4.75,6.5
2023-12-30,Verona,Salernitana,2,1.91,3.4,4.2
2024-01-05,Bologna,Genoa,X,2.05,3.0,4.33
2024-01-06,Frosinone,Monza,2,2.63,3.3,2.7
2024-01-06,Lecce,Cagliari,X,2.2,3.25,3.4
2024-01-06,Inter,Verona,1,1.17,8.0,13.0
2024-01-06,Sassuolo,Fiorentina,1,3.25,3.5,2.15
2024-01-07,Torino,Napoli,1,2.9,3.2,2.5
2024-01-07,Salernitana,Juventus,2,7.5,4.5,1.4
2024-01-07,Roma,Atalanta,X,2.4,3.2,3.1
2024-01-07,Empoli,Milan,2,5.25,3.8,1.67
2024-01-07,Udinese,Lazio,2,3.5,3.2,2.2
2024-01-13,Verona,Empoli,1,2.15,3.25,3.5
2024-01-13,Genoa,Torino,X,2.9,3.0,2.63
2024-01-13,Napoli,Salernitana,1,1.33,5.0,8.5
2024-01-13,Monza,Inter,2,7.0,4.0,1.5
2024-01-14,Lazio,Lecce,1,1.65,3.6,5.75
2024-01-14,Cagliari,Bologna,1,3.0,3.1,2.5
2024-01-14,Fiorentina,Udinese,X,1.67,3.75,5.5
2024-01-14,Milan,Roma,1,2.2,3.2,3.5
2024-01-15,Atalanta,Frosinone,1,1.44,4.5,7.5
2024-01-16,Juventus,Sassuolo,1,1.4,4.2,8.5
2024-01-20,Udinese,Milan,2,4.0,3.8,1.85
2024-01-20,Roma,Verona,1,1.44,4.2,8.5
2024-01-21,Frosinone,Cagliari,1,2.4,3.4,2.9
2024-01-21,Empoli,Monza,1,2.8,3.3,2.55
2024-01-21,Salernitana,Genoa,2,3.6,3.2,2.15
2024-01-21,Lecce,Juventus,2,6.0,3.5,1.65
2024-01-26,Cagliari,Torino,2,3.5,3.2,2.2
2024-01-27,Atalanta,Udinese,1,1.5,4.5,6.0
2024-01-27,Juventus,Empoli,X,1.29,5.5,10.0
2024-01-27,Milan,Bologna,X,1.67,3.75,5.25
2024-01-28,Fiorentina,Inter,2,4.2,3.6,1.85
2024-01-28,Lazio,Napoli,X,2.25,3.3,3.3
2024-01-28,Verona,Frosinone,X,2.45,3.3,2.9
2024-01-28,Genoa,Lecce,1,2.1,3.1,4.0
2024-01-28,Monza,Sassuolo,1,2.25,3.4,3.2
2024-01-29,Salernitana,Roma,2,5.25,3.8,1.67
2024-02-02,Lecce,Fiorentina,1,3.75,3.2,2.1
2024-02-03,Empoli,Genoa,X,3.0,3.0,2.6
2024-02-03,Udinese,Monza,X,2.25,3.3,3.3
2024-02-03,Frosinone,Milan,2,5.0,4.2,1.62
2024-02-03,Bologna,Sassuolo,1,1.7,3.75,5.0
2024-02-04,Torino,Salernitana,X,1.5,4.0,7.5
2024-02-04,Napoli,Verona,1,1.4,4.5,8.5
2024-02-04,Atalanta,Lazio,1,2.05,3.4,3.75
2024-02-04,Inter,Juventus,1,1.8,3.5,4.75
2024-02-05,Roma,Cagliari,1,1.44,4.33,7.5
2024-02-09,Salernitana,Empoli,2,2.38,3.2,3.2
2024-02-10,Roma,Inter,2,4.2,3.5,1.91
2024-02-10,Sassuolo,Torino,X,3.4,3.3,2.2
2024-02-10,Cagliari,Lazio,2,3.5,3.3,2.15
2024-02-11,Genoa,Atalanta,2,3.75,3.3,2.05
2024-02-11,Monza,Verona,X,2.05,3.4,3.75
2024-02-11,Milan,Napoli,1,1.95,3.6,3.8
2024-02-11,Fiorentina,Frosinone,1,1.5,4.33,6.5
2024-02-11,Bologna,Lecce,1,1.73,3.6,5.25
2024-02-12,Juventus,Udinese,2,1.44,4.5,8.0
2024-02-14,Bologna,Fiorentina,1,2.3,3.2,3.2
2024-02-16,Torino,Lecce,1,1.8,3.4,4.75
2024-02-16,Inter,Salernitana,1,1.14,8.5,15.0
2024-02-17,Napoli,Genoa,X,1.6,3.75,6.0
2024-02-17,Verona,Juventus,X,5.75,3.5,1.67
2024-02-17,Atalanta,Sassuolo,1,1.36,5.5,8.0
2024-02-18,Monza,Milan,1,4.75,3.5,1.8
2024-02-18,Frosinone,Roma,2,3.8,3.75,1.91
2024-02-18,Udinese,Cagliari,X,1.91,3.6,4.0
2024-02-18,Lazio,Bologna,2,2.3,3.1,3.4
2024-02-18,Empoli,Fiorentina,X,3.75,3.3,2.05
2024-02-22,Torino,Lazio,2,2.4,2.9,3.25
2024-02-23,Bologna,Verona,1,1.55,3.8,7.0
2024-02-24,Genoa,Udinese,1,2.25,3.0,3.6
2024-02-24,Sassuolo,Empoli,2,2.2,3.4,3.3
2024-02-24,Salernitana,Monza,2,3.0,3.1,2.5
2024-02-25,Lecce,Inter,2,7.0,4.5,1.44
2024-02-25,Cagliari,Napoli,X,4.2,3.75,1.83
2024-02-25,Milan,Atalanta,X,2.38,3.4,3.0
2024-02-25,Juventus,Frosinone,1,1.3,5.5,10.0
2024-02-26,Roma,Torino,1,1.91,3.25,4.5
2024-02-26,Fiorentina,Lazio,1,2.25,3.1,3.5
2024-02-28,Sassuolo,Napoli,2,4.0,3.8,1.8
2024-02-28,Inter,Atalanta,1,1.62,4.0,5.5
2024-03-01,Lazio,Milan,2,3.5,3.2,2.2
2024-03-02,Udinese,Salernitana,X,1.65,3.8,5.75
2024-03-02,Monza,Roma,2,3.75,3.4,2.05
2024-03-02,Torino,Fiorentina,X,2.63,3.0,2.9
2024-03-03,Frosinone,Lecce,X,2.25,3.3,3.3
2024-03-03,Napoli,Juventus,1,2.38,3.1,3.3
2024-03-03,Atalanta,Bologna,2,1.91,3.4,4.2
2024-03-03,Verona,Sassuolo,1,2.2,3.4,3.25
2024-03-03,Empoli,Cagliari,2,2.15,3.25,3.6
2024-03-04,Inter,Genoa,1,1.3,5.75,9.5
2024-03-08,Napoli,Torino,X,1.75,3.6,5.0
2024-03-09,Bologna,Inter,2,3.5,3.3,2.15
2024-03-09,Cagliari,Salernitana,1,1.83,3.6,4.33
2024-03-09,Sassuolo,Frosinone,1,2.2,3.6,3.1
2024-03-09,Genoa,Monza,2,2.15,3.2,3.5
2024-03-10,Milan,Empoli,1,1.44,5.0,6.5
2024-03-10,Juventus,Atalanta,X,2.2,3.3,3.3
2024-03-10,Lecce,Verona,2,2.2,3.25,3.4
2024-03-10,Fiorentina,Roma,X,2.55,3.3,2.75
2024-03-11,Lazio,Udinese,2,1.91,3.5,4.0
2024-03-15,Empoli,Bologna,2,4.0,3.2,2.0
2024-03-16,Monza,Cagliari,1,2.05,3.5,3.6
2024-03-16,Udinese,Torino,2,2.8,2.9,2.8
2024-03-16,Salernitana,Lecce,2,2.9,3.2,2.5
2024-03-16,Frosinone,Lazio,2,3.5,3.4,2.15
2024-03-17,Juventus,Genoa,X,1.5,4.0,7.0
2024-03-17,Verona,Milan,2,5.25,3.75,1.7
2024-03-17,Roma,Sassuolo,1,1.36,4.75,8.0
2024-03-17,Inter,Napoli,X,1.57,4.0,6.0
2024-03-30,Genoa,Frosinone,X,1.95,3.6,3.8
2024-03-30,Fiorentina,Milan,2,2.88,3.3,2.5
2024-03-30,Lazio,Juventus,1,3.1,3.1,2.45
2024-03-30,Napoli,Atalanta,2,2.1,3.6,3.4
2024-03-30,Torino,Monza,1,1.83,3.4,4.75
2024-04-01,Lecce,Roma,X,4.5,3.5,1.83
2024-04-01,Bologna,Salernitana,1,1.3,5.5,10.0
2024-04-01,Cagliari,Verona,X,2.15,3.2,3.6
2024-04-01,Sassuolo,Udinese,X,2.75,3.25,2.6
2024-04-01,Inter,Empoli,1,1.22,7.0,12.0
2024-04-05,Salernitana,Sassuolo,X,3.25,3.5,2.2
2024-04-06,Roma,Lazio,1,2.2,3.1,3.6
2024-04-06,Empoli,Torino,1,3.5,3.2,2.25
2024-04-06,Milan,Lecce,1,1.36,4.75,8.5
2024-04-07,Frosinone,Bologna,X,4.2,3.5,1.91
2024-04-07,Monza,Napoli,2,4.0,3.8,1.85
2024-04-07,Cagliari,Atalanta,1,4.75,3.8,1.73
2024-04-07,Verona,Genoa,2,2.75,3.0,2.8
2024-04-07,Juventus,Fiorentina,1,1.83,3.4,4.75
2024-04-08,Udinese,Inter,2,6.5,4.5,1.5
2024-04-12,Lazio,Salernitana,1,1.33,5.0,9.5
2024-04-13,Torino,Juventus,X,3.75,3.0,2.2
2024-04-13,Lecce,Empoli,1,2.25,3.1,3.6
2024-04-13,Bologna,Monza,X,1.55,4.0,6.5
2024-04-14,Napoli,Frosinone,X,1.33,5.5,8.0
2024-04-14,Sassuolo,Milan,X,4.5,3.8,1.75
2024-04-14,Inter,Cagliari,X,1.18,8.0,12.0
2024-04-15,Fiorentina,Genoa,X,1.85,3.5,4.33
2024-04-15,Atalanta,Verona,X,1.45,4.5,7.0
2024-04-19,Genoa,Lazio,2,3.1,3.1,2.45
2024-04-19,Cagliari,Juventus,X,5.0,3.5,1.75
2024-04-20,Verona,Udinese,1,2.55,3.1,3.0
2024-04-20,Empoli,Napoli,1,4.75,4.0,1.7
2024-04-21,Monza,Atalanta,2,4.0,3.8,1.85
2024-04-21,Torino,Frosinone,X,1.67,3.8,5.25
2024-04-21,Salernitana,Fiorentina,2,5.0,4.0,1.67
2024-04-21,Sassuolo,Lecce,2,2.3,3.3,3.2
2024-04-22,Roma,Bologna,2,2.4,3.1,3.2
2024-04-22,Milan,Inter,2,3.75,3.6,2.0
2024-04-25,Udinese,Roma,2,3.3,3.4,2.15
2024-04-26,Frosinone,Salernitana,1,1.4,4.75,7.5
2024-04-27,Lazio,Verona,1,1.62,3.8,6.0
2024-04-27,Lecce,Monza,X,2.0,3.25,4.0
2024-04-27,Juventus,Milan,X,2.1,3.3,3.6
2024-04-28,Fiorentina,Sassuolo,1,1.7,3.8,5.0
2024-04-28,Napoli,Roma,X,1.95,3.6,4.0
2024-04-28,Atalanta,Empoli,1,1.44,4.5,7.5
2024-04-28,Inter,Torino,1,1.53,3.8,7.0
2024-04-28,Bologna,Udinese,X,1.6,3.8,6.0
2024-04-29,Genoa,Cagliari,1,2.25,3.1,3.5
2024-05-03,Torino,Bologna,X,2.88,2.8,2.88
2024-05-04,Sassuolo,Inter,1,6.0,4.5,1.5
2024-05-04,Monza,Lazio,X,4.33,3.75,1.83
2024-05-05,Roma,Juventus,X,2.88,3.1,2.7
2024-05-05,Milan,Genoa,X,1.45,4.5,6.5
2024-05-05,Verona,Fiorentina,1,3.1,3.3,2.3
2024-05-05,Cagliari,Lecce,X,2.15,3.2,3.75
2024-05-05,Empoli,Frosinone,X,2.38,3.3,3.1
2024-05-06,Salernitana,Atalanta,2,7.5,5.5,1.36
2024-05-06,Udinese,Napoli,X,3.75,3.6,1.95
2024-05-10,Frosinone,Inter,2,4.5,4.0,1.73
2024-05-11,Napoli,Bologna,2,2.1,3.4,3.5
2024-05-11,Milan,Cagliari,1,1.4,5.25,6.5
2024-05-12,Verona,Torino,2,3.0,3.0,2.55
2024-05-12,Atalanta,Roma,1,2.0,3.6,3.6
2024-05-12,Juventus,Salernitana,X,1.14,8.5,17.0
2024-05-12,Lazio,Empoli,1,1.57,4.0,5.75
2024-05-12,Genoa,Sassuolo,1,2.2,3.5,3.2
2024-05-13,Lecce,Udinese,2,2.63,3.1,2.8
2024-05-13,Fiorentina,Monza,1,1.55,4.2,5.75
2024-05-17,Fiorentina,Napoli,X,2.25,3.4,3.1
2024-05-18,Lecce,Atalanta,2,4.5,3.8,1.75
2024-05-18,Torino,Milan,1,2.8,3.2,2.6
2024-05-19,Monza,Frosinone,2,3.0,3.4,2.3
2024-05-19,Udinese,Empoli,X,2.0,3.4,3.8
2024-05-19,Roma,Genoa,1,1.48,4.2,7.0
2024-05-19,Sassuolo,Cagliari,2,2.35,3.3,3.1
2024-05-19,Inter,Lazio,X,1.62,4.0,5.0
2024-05-20,Salernitana,Verona,2,5.0,3.8,1.7
2024-05-20,Bologna,Juventus,X,2.45,3.1,3.1
2024-05-23,Cagliari,Fiorentina,2,4.2,3.75,1.8
2024-05-24,Genoa,Bologna,1,3.4,3.4,2.15
2024-05-25,Milan,Salernitana,X,1.18,8.0,12.0
2024-05-25,Juventus,Monza,1,1.33,5.5,8.5
2024-05-26,Lazio,Sassuolo,X,1.36,5.25,7.5
2024-05-26,Napoli,Lecce,X,1.42,5.0,6.25
2024-05-26,Empoli,Roma,1,1.95,3.6,3.6
2024-05-26,Frosinone,Udinese,2,2.38,3.25,3.0
2024-05-26,Verona,Inter,X,5.5,4.0,1.53
2024-05-26,Atalanta,Torino,1,3.3,3.5,2.1
2024-06-02,Atalanta,Fiorentina,2,1.48,4.75,6.0
