league,date,home_team,away_team,fthg,ftag,ftr
E0,2023-08-11,Burnley,Man City,0,3,A
E0,2023-08-12,Arsenal,Nott'm Forest,2,1,H
E0,2023-08-12,Bournemouth,West Ham,1,1,D
E0,2023-08-12,Brighton,Luton,4,1,H
E0,2023-08-12,Everton,Fulham,0,1,A
E0,2023-08-12,Sheffield United,Crystal Palace,0,1,A
E0,2023-08-12,Newcastle,Aston Villa,5,1,H
E0,2023-08-13,Brentford,Tottenham,2,2,D
E0,2023-08-13,Chelsea,Liverpool,1,1,D
E0,2023-08-14,Man United,Wolves,1,0,H
E0,2023-08-18,Nott'm Forest,Sheffield United,2,1,H
E0,2023-08-19,Fulham,Brentford,0,3,A
E0,2023-08-19,Liverpool,Bournemouth,3,1,H
E0,2023-08-19,Wolves,Brighton,1,4,A
E0,2023-08-19,Tottenham,Man United,2,0,H
E0,2023-08-19,Man City,Newcastle,1,0,H
E0,2023-08-20,Aston Villa,Everton,4,0,H
E0,2023-08-20,West Ham,Chelsea,3,1,H
E0,2023-08-21,Crystal Palace,Arsenal,0,1,A
E0,2023-08-25,Chelsea,Luton,3,0,H
E0,2023-08-26,Bournemouth,Tottenham,0,2,A
E0,2023-08-26,Arsenal,Fulham,2,2,D
E0,2023-08-26,Brentford,Crystal Palace,1,1,D
E0,2023-08-26,Everton,Wolves,0,1,A
E0,2023-08-26,Man United,Nott'm Forest,3,2,H
E0,2023-08-26,Brighton,West Ham,1,3,A
E0,2023-08-27,Burnley,Aston Villa,1,3,A
E0,2023-08-27,Sheffield United,Man City,1,2,A
E0,2023-08-27,Newcastle,Liverpool,1,2,A
E0,2023-09-01,Luton,West Ham,1,2,A
E0,2023-09-02,Sheffield United,Everton,2,2,D
E0,2023-09-02,Brentford,Bournemouth,2,2,D
E0,2023-09-02,Burnley,Tottenham,2,5,A
E0,2023-09-02,Chelsea,Nott'm Forest,0,1,A
E0,2023-09-02,Man City,Fulham,5,1,H
E0,2023-09-02,Brighton,Newcastle,3,1,H
E0,2023-09-03,Crystal Palace,Wolves,3,2,H
E0,2023-09-03,Liverpool,Aston Villa,3,0,H
E0,2023-09-03,Arsenal,Man United,3,1,H
E0,2023-09-16,Wolves,Liverpool,1,3,A
E0,2023-09-16,Aston Villa,Crystal Palace,3,1,H
E0,2023-09-16,Fulham,Luton,1,0,H
E0,2023-09-16,Man United,Brighton,1,3,A
E0,2023-09-16,Tottenham,Sheffield United,2,1,H
E0,2023-09-16,West Ham,Man City,1,3,A
E0,2023-09-16,Newcastle,Brentford,1,0,H
E0,2023-09-17,Bournemouth,Chelsea,0,0,D
E0,2023-09-17,Everton,Arsenal,0,1,A
E0,2023-09-18,Nott'm Forest,Burnley,1,1,D
E0,2023-09-23,Crystal Palace,Fulham,0,0,D
E0,2023-09-23,Luton,Wolves,1,1,D
E0,2023-09-23,Man City,Nott'm Forest,2,0,H
E0,2023-09-23,Brentford,Everton,1,3,A
E0,2023-09-23,Burnley,Man United,0,1,A
E0,2023-09-24,Arsenal,Tottenham,2,2,D
E0,2023-09-24,Brighton,Bournemouth,3,1,H
E0,2023-09-24,Chelsea,Aston Villa,0,1,A
E0,2023-09-24,Liverpool,West Ham,3,1,H
E0,2023-09-24,Sheffield United,Newcastle,0,8,A
E0,2023-09-30,Aston Villa,Brighton,6,1,H
E0,2023-09-30,Bournemouth,Arsenal,0,4,A
E0,2023-09-30,Everton,Luton,1,2,A
E0,2023-09-30,Man United,Crystal Palace,0,1,A
E0,2023-09-30,Newcastle,Burnley,2,0,H
E0,2023-09-30,West Ham,Sheffield United,2,0,H
E0,2023-09-30,Wolves,Man City,2,1,H
E0,2023-09-30,Tottenham,Liverpool,2,1,H
E0,2023-10-01,Nott'm Forest,Brentford,1,1,D
E0,2023-10-02,Fulham,Chelsea,0,2,A
E0,2023-10-03,Luton,Burnley,1,2,A
E0,2023-10-07,Luton,Tottenham,0,1,A
E0,2023-10-07,Burnley,Chelsea,1,4,A
E0,2023-10-07,Everton,Bournemouth,3,0,H
E0,2023-10-07,Fulham,Sheffield United,3,1,H
E0,2023-10-07,Man United,Brentford,2,1,H
E0,2023-10-07,Crystal Palace,Nott'm Forest,0,0,D
E0,2023-10-08,Brighton,Liverpool,2,2,D
E0,2023-10-08,West Ham,Newcastle,2,2,D
E0,2023-10-08,Wolves,Aston Villa,1,1,D
E0,2023-10-08,Arsenal,Man City,1,0,H
E0,2023-10-21,Liverpool,Everton,2,0,H
E0,2023-10-21,Bournemouth,Wolves,1,2,A
E0,2023-10-21,Brentford,Burnley,3,0,H
E0,2023-10-21,Man City,Brighton,2,1,H
E0,2023-10-21,Newcastle,Crystal Palace,4,0,H
E0,2023-10-21,Nott'm Forest,Luton,2,2,D
E0,2023-10-21,Chelsea,Arsenal,2,2,D
E0,2023-10-21,Sheffield United,Man United,1,2,A
E0,2023-10-22,Aston Villa,West Ham,4,1,H
E0,2023-10-23,Tottenham,Fulham,2,0,H
E0,2023-10-27,Crystal Palace,Tottenham,1,2,A
E0,2023-10-28,Chelsea,Brentford,0,2,A
E0,2023-10-28,Arsenal,Sheffield United,5,0,H
E0,2023-10-28,Bournemouth,Burnley,2,1,H
E0,2023-10-28,Wolves,Newcastle,2,2,D
E0,2023-10-29,West Ham,Everton,0,1,A
E0,2023-10-29,Aston Villa,Luton,3,1,H
E0,2023-10-29,Brighton,Fulham,1,1,D
E0,2023-10-29,Liverpool,Nott'm Forest,3,0,H
E0,2023-10-29,Man United,Man City,0,3,A
E0,2023-11-04,Fulham,Man United,0,1,A
E0,2023-11-04,Brentford,West Ham,3,2,H
E0,2023-11-04,Burnley,Crystal Palace,0,2,A
E0,2023-11-04,Everton,Brighton,1,1,D
E0,2023-11-04,Man City,Bournemouth,6,1,H
E0,2023-11-04,Sheffield United,Wolves,2,1,H
E0,2023-11-04,Newcastle,Arsenal,1,0,H
E0,2023-11-05,Nott'm Forest,Aston Villa,2,0,H
E0,2023-11-05,Luton,Liverpool,1,1,D
E0,2023-11-06,Tottenham,Chelsea,1,4,A
E0,2023-11-11,Wolves,Tottenham,2,1,H
E0,2023-11-11,Arsenal,Burnley,3,1,H
E0,2023-11-11,Crystal Palace,Everton,2,3,A
E0,2023-11-11,Man United,Luton,1,0,H
E0,2023-11-11,Bournemouth,Newcastle,2,0,H
E0,2023-11-12,Aston Villa,Fulham,3,1,H
E0,2023-11-12,Brighton,Sheffield United,1,1,D
E0,2023-11-12,Liverpool,Brentford,3,0,H
E0,2023-11-12,West Ham,Nott'm Forest,3,2,H
E0,2023-11-12,Chelsea,Man City,4,4,D
E0,2023-11-25,Man City,Liverpool,1,1,D
E0,2023-11-25,Burnley,West Ham,1,2,A
E0,2023-11-25,Luton,Crystal Palace,2,1,H
E0,2023-11-25,Newcastle,Chelsea,4,1,H
E0,2023-11-25,Nott'm Forest,Brighton,2,3,A
E0,2023-11-25,Sheffield United,Bournemouth,1,3,A
E0,2023-11-25,Brentford,Arsenal,0,1,A
E0,2023-11-26,Tottenham,Aston Villa,1,2,A
E0,2023-11-26,Everton,Man United,0,3,A
E0,2023-11-27,Fulham,Wolves,3,2,H
E0,2023-12-02,Arsenal,Wolves,2,1,H
E0,2023-12-02,Brentford,Luton,3,1,H
E0,2023-12-02,Burnley,Sheffield United,5,0,H
E0,2023-12-02,Nott'm Forest,Everton,0,1,A
E0,2023-12-02,Newcastle,Man United,1,0,H
E0,2023-12-03,Bournemouth,Aston Villa,2,2,D
E0,2023-12-03,Chelsea,Brighton,3,2,H
E0,2023-12-03,Liverpool,Fulham,4,3,H
E0,2023-12-03,West Ham,Crystal Palace,1,1,D
E0,2023-12-03,Man City,Tottenham,3,3,D
E0,2023-12-05,Wolves,Burnley,1,0,H
E0,2023-12-05,Luton,Arsenal,3,4,A
E0,2023-12-06,Brighton,Brentford,2,1,H
E0,2023-12-06,Crystal Palace,Bournemouth,0,2,A
E0,2023-12-06,Fulham,Nott'm Forest,5,0,H
E0,2023-12-06,Sheffield United,Liverpool,0,2,A
E0,2023-12-06,Aston Villa,Man City,1,0,H
E0,2023-12-06,Man United,Chelsea,2,1,H
E0,2023-12-07,Everton,Newcastle,3,0,H
E0,2023-12-07,Tottenham,West Ham,1,2,A
E0,2023-12-09,Crystal Palace,Liverpool,1,2,A
E0,2023-12-09,Brighton,Burnley,1,1,D
E0,2023-12-09,Man United,Bournemouth,0,3,A
E0,2023-12-09,Sheffield United,Brentford,1,0,H
E0,2023-12-09,Wolves,Nott'm Forest,1,1,D
E0,2023-12-09,Aston Villa,Arsenal,1,0,H
E0,2023-12-10,Everton,Chelsea,2,0,H
E0,2023-12-10,Fulham,West Ham,5,0,H
E0,2023-12-10,Luton,Man City,1,2,A
E0,2023-12-10,Tottenham,Newcastle,4,1,H
E0,2023-12-15,Nott'm Forest,Tottenham,0,2,A
E0,2023-12-16,Chelsea,Sheffield United,2,0,H
E0,2023-12-16,Man City,Crystal Palace,2,2,D
E0,2023-12-16,Newcastle,Fulham,3,0,H
E0,2023-12-16,Burnley,Everton,0,2,A
E0,2023-12-17,Arsenal,Brighton,2,0,H
E0,2023-12-17,Brentford,Aston Villa,1,2,A
E0,2023-12-17,West Ham,Wolves,3,0,H
E0,2023-12-17,Liverpool,Man United,0,0,D
E0,2023-12-21,Crystal Palace,Brighton,1,1,D
E0,2023-12-22,Aston Villa,Sheffield United,1,1,D
E0,2023-12-23,West Ham,Man United,2,0,H
E0,2023-12-23,Fulham,Burnley,0,2,A
E0,2023-12-23,Luton,Newcastle,1,0,H
E0,2023-12-23,Nott'm Forest,Bournemouth,2,3,A
E0,2023-12-23,Tottenham,Everton,2,1,H
E0,2023-12-23,Liverpool,Arsenal,1,1,D
E0,2023-12-24,Wolves,Chelsea,2,1,H
E0,2023-12-26,Newcastle,Nott'm Forest,1,3,A
E0,2023-12-26,Bournemouth,Fulham,3,0,H
E0,2023-12-26,Sheffield United,Luton,2,3,A
E0,2023-12-26,Burnley,Liverpool,0,2,A
E0,2023-12-26,Man United,Aston Villa,3,2,H
E0,2023-12-27,Brentford,Wolves,1,4,A
E0,2023-12-27,Chelsea,Crystal Palace,2,1,H
E0,2023-12-27,Everton,Man City,1,3,A
E0,2023-12-28,Brighton,Tottenham,4,2,H
E0,2023-12-28,Arsenal,West Ham,0,2,A
E0,2023-12-30,Luton,Chelsea,2,3,A
E0,2023-12-30,Aston Villa,Burnley,3,2,H
E0,2023-12-30,Crystal Palace,Brentford,3,1,H
E0,2023-12-30,Man City,Sheffield United,2,0,H
E0,2023-12-30,Wolves,Everton,3,0,H
E0,2023-12-30,Nott'm Forest,Man United,2,1,H
E0,2023-12-31,Fulham,Arsenal,2,1,H
E0,2023-12-31,Tottenham,Bournemouth,3,1,H
E0,2024-01-01,Liverpool,Newcastle,4,2,H
E0,2024-01-02,West Ham,Brighton,0,0,D
E0,2024-01-12,Burnley,Luton,1,1,D
E0,2024-01-13,Chelsea,Fulham,1,0,H
E0,2024-01-13,Newcastle,Man City,2,3,A
E0,2024-01-14,Everton,Aston Villa,0,0,D
E0,2024-01-14,Man United,Tottenham,2,2,D
E0,2024-01-20,Arsenal,Crystal Palace,5,0,H
E0,2024-01-20,Brentford,Nott'm Forest,3,2,H
E0,2024-01-21,Sheffield United,West Ham,2,2,D
E0,2024-01-21,Bournemouth,Liverpool,0,4,A
E0,2024-01-22,Brighton,Wolves,0,0,D
E0,2024-01-30,Nott'm Forest,Arsenal,1,2,A
E0,2024-01-30,Fulham,Everton,0,0,D
E0,2024-01-30,Luton,Brighton,4,0,H
E0,2024-01-30,Crystal Palace,Sheffield United,3,2,H
E0,2024-01-30,Aston Villa,Newcastle,1,3,A
E0,2024-01-31,Man City,Burnley,3,1,H
E0,2024-01-31,Tottenham,Brentford,3,2,H
E0,2024-01-31,Liverpool,Chelsea,4,1,H
E0,2024-02-01,West Ham,Bournemouth,1,1,D
E0,2024-02-01,Wolves,Man United,3,4,A
E0,2024-02-03,Everton,Tottenham,2,2,D
E0,2024-02-03,Brighton,Crystal Palace,4,1,H
E0,2024-02-03,Burnley,Fulham,2,2,D
E0,2024-02-03,Newcastle,Luton,4,4,D
E0,2024-02-03,Sheffield United,Aston Villa,0,5,A
E0,2024-02-04,Bournemouth,Nott'm Forest,1,1,D
E0,2024-02-04,Chelsea,Wolves,2,4,A
E0,2024-02-04,Man United,West Ham,3,0,H
E0,2024-02-04,Arsenal,Liverpool,3,1,H
E0,2024-02-05,Brentford,Man City,1,3,A
E0,2024-02-10,Man City,Everton,2,0,H
E0,2024-02-10,Fulham,Bournemouth,3,1,H
E0,2024-02-10,Liverpool,Burnley,3,1,H
E0,2024-02-10,Luton,Sheffield United,1,3,A
E0,2024-02-10,Tottenham,Brighton,2,1,H
E0,2024-02-10,Wolves,Brentford,0,2,A
E0,2024-02-10,Nott'm Forest,Newcastle,2,3,A
E0,2024-02-11,West Ham,Arsenal,0,6,A
E0,2024-02-11,Aston Villa,Man United,1,2,A
E0,2024-02-12,Crystal Palace,Chelsea,1,3,A
E0,2024-02-17,Brentford,Liverpool,1,4,A
E0,2024-02-17,Burnley,Arsenal,0,5,A
E0,2024-02-17,Fulham,Aston Villa,1,2,A
E0,2024-02-17,Newcastle,Bournemouth,2,2,D
E0,2024-02-17,Nott'm Forest,West Ham,2,0,H
E0,2024-02-17,Tottenham,Wolves,1,2,A
E0,2024-02-17,Man City,Chelsea,1,1,D
E0,2024-02-18,Sheffield United,Brighton,0,5,A
E0,2024-02-18,Luton,Man United,1,2,A
E0,2024-02-19,Everton,Crystal Palace,1,1,D
E0,2024-02-20,Man City,Brentford,1,0,H
E0,2024-02-21,Liverpool,Luton,4,1,H
E0,2024-02-24,Aston Villa,Nott'm Forest,4,2,H
E0,2024-02-24,Brighton,Everton,1,1,D
E0,2024-02-24,Crystal Palace,Burnley,3,0,H
E0,2024-02-24,Man United,Fulham,1,2,A
E0,2024-02-24,Bournemouth,Man City,0,1,A
E0,2024-02-24,Arsenal,Newcastle,4,1,H
E0,2024-02-25,Wolves,Sheffield United,1,0,H
E0,2024-02-26,West Ham,Brentford,4,2,H
E0,2024-03-02,Brentford,Chelsea,2,2,D
E0,2024-03-02,Everton,West Ham,1,3,A
E0,2024-03-02,Fulham,Brighton,3,0,H
E0,2024-03-02,Newcastle,Wolves,3,0,H
E0,2024-03-02,Nott'm Forest,Liverpool,0,1,A
E0,2024-03-02,Tottenham,Crystal Palace,3,1,H
E0,2024-03-02,Luton,Aston Villa,2,3,A
E0,2024-03-03,Burnley,Bournemouth,0,2,A
E0,2024-03-03,Man City,Man United,3,1,H
E0,2024-03-04,Sheffield United,Arsenal,0,6,A
E0,2024-03-09,Man United,Everton,2,0,H
E0,2024-03-09,Bournemouth,Sheffield United,2,2,D
E0,2024-03-09,Crystal Palace,Luton,1,1,D
E0,2024-03-09,Wolves,Fulham,2,1,H
E0,2024-03-09,Arsenal,Brentford,2,1,H
E0,2024-03-10,Aston Villa,Tottenham,0,4,A
E0,2024-03-10,Brighton,Nott'm Forest,1,0,H
E0,2024-03-10,West Ham,Burnley,2,2,D
E0,2024-03-10,Liverpool,Man City,1,1,D
E0,2024-03-11,Chelsea,Newcastle,3,2,H
E0,2024-03-13,Bournemouth,Luton,4,3,H
E0,2024-03-16,Burnley,Brentford,2,1,H
E0,2024-03-16,Luton,Nott'm Forest,1,1,D
E0,2024-03-16,Fulham,Tottenham,3,0,H
E0,2024-03-17,West Ham,Aston Villa,1,1,D
E0,2024-03-30,Newcastle,West Ham,4,3,H
E0,2024-03-30,Bournemouth,Everton,2,1,H
E0,2024-03-30,Chelsea,Burnley,2,2,D
E0,2024-03-30,Nott'm Forest,Crystal Palace,1,1,D
E0,2024-03-30,Sheffield United,Fulham,3,3,D
E0,2024-03-30,Tottenham,Luton,2,1,H
E0,2024-03-30,Aston Villa,Wolves,2,0,H
E0,2024-03-30,Brentford,Man United,1,1,D
E0,2024-03-31,Liverpool,Brighton,2,1,H
E0,2024-03-31,Man City,Arsenal,0,0,D
E0,2024-04-02,Newcastle,Everton,1,1,D
E0,2024-04-02,Nott'm Forest,Fulham,3,1,H
E0,2024-04-02,Bournemouth,Crystal Palace,1,0,H
E0,2024-04-02,Burnley,Wolves,1,1,D
E0,2024-04-02,West Ham,Tottenham,1,1,D
E0,2024-04-03,Arsenal,Luton,2,0,H
E0,2024-04-03,Brentford,Brighton,0,0,D
E0,2024-04-03,Man City,Aston Villa,4,1,H
E0,2024-04-04,Liverpool,Sheffield United,3,1,H
E0,2024-04-04,Chelsea,Man United,4,3,H
E0,2024-04-06,Crystal Palace,Man City,2,4,A
E0,2024-04-06,Aston Villa,Brentford,3,3,D
E0,2024-04-06,Everton,Burnley,1,0,H
E0,2024-04-06,Fulham,Newcastle,0,1,A
E0,2024-04-06,Luton,Bournemouth,2,1,H
E0,2024-04-06,Wolves,West Ham,1,2,A
E0,2024-04-06,Brighton,Arsenal,0,3,A
E0,2024-04-07,Man United,Liverpool,2,2,D
E0,2024-04-07,Sheffield United,Chelsea,2,2,D
E0,2024-04-07,Tottenham,Nott'm Forest,3,1,H
E0,2024-04-13,Newcastle,Tottenham,4,0,H
E0,2024-04-13,Brentford,Sheffield United,2,0,H
E0,2024-04-13,Burnley,Brighton,1,1,D
E0,2024-04-13,Man City,Luton,5,1,H
E0,2024-04-13,Nott'm Forest,Wolves,2,2,D
E0,2024-04-13,Bournemouth,Man United,2,2,D
E0,2024-04-14,Liverpool,Crystal Palace,0,1,A
E0,2024-04-14,West Ham,Fulham,0,2,A
E0,2024-04-14,Arsenal,Aston Villa,0,2,A
E0,2024-04-15,Chelsea,Everton,6,0,H
E0,2024-04-20,Luton,Brentford,1,5,A
E0,2024-04-20,Sheffield United,Burnley,1,4,A
E0,2024-04-20,Wolves,Arsenal,0,2,A
E0,2024-04-21,Everton,Nott'm Forest,2,0,H
E0,2024-04-21,Aston Villa,Bournemouth,3,1,H
E0,2024-04-21,Crystal Palace,West Ham,5,2,H
E0,2024-04-21,Fulham,Liverpool,1,3,A
E0,2024-04-23,Arsenal,Chelsea,5,0,H
E0,2024-04-24,Wolves,Bournemouth,0,1,A
E0,2024-04-24,Crystal Palace,Newcastle,2,0,H
E0,2024-04-24,Everton,Liverpool,2,0,H
E0,2024-04-24,Man United,Sheffield United,4,2,H
E0,2024-04-25,Brighton,Man City,0,4,A
E0,2024-04-27,West Ham,Liverpool,2,2,D
E0,2024-04-27,Fulham,Crystal Palace,1,1,D
E0,2024-04-27,Man United,Burnley,1,1,D
E0,2024-04-27,Newcastle,Sheffield United,5,1,H
E0,2024-04-27,Wolves,Luton,2,1,H
E0,2024-04-27,Everton,Brentford,1,0,H
E0,2024-04-27,Aston Villa,Chelsea,2,2,D
E0,2024-04-28,Bournemouth,Brighton,3,0,H
E0,2024-04-28,Tottenham,Arsenal,2,3,A
E0,2024-04-28,Nott'm Forest,Man City,0,2,A
E0,2024-05-02,Chelsea,Tottenham,2,0,H
E0,2024-05-03,Luton,Everton,1,1,D
E0,2024-05-04,Arsenal,Bournemouth,3,0,H
E0,2024-05-04,Brentford,Fulham,0,0,D
E0,2024-05-04,Burnley,Newcastle,1,4,A
E0,2024-05-04,Sheffield United,Nott'm Forest,1,3,A
E0,2024-05-04,Man City,Wolves,5,1,H
E0,2024-05-05,Brighton,Aston Villa,1,0,H
E0,2024-05-05,Chelsea,West Ham,5,0,H
E0,2024-05-05,Liverpool,Tottenham,4,2,H
E0,2024-05-06,Crystal Palace,Man United,4,0,H
E0,2024-05-11,Fulham,Man City,0,4,A
E0,2024-05-11,Bournemouth,Brentford,1,2,A
E0,2024-05-11,Everton,Sheffield United,1,0,H
E0,2024-05-11,Newcastle,Brighton,1,1,D
E0,2024-05-11,Tottenham,Burnley,2,1,H
E0,2024-05-11,West Ham,Luton,3,1,H
E0,2024-05-11,Wolves,Crystal Palace,1,3,A
E0,2024-05-11,Nott'm Forest,Chelsea,2,3,A
E0,2024-05-12,Man United,Arsenal,0,1,A
E0,2024-05-13,Aston Villa,Liverpool,3,3,D
E0,2024-05-14,Tottenham,Man City,0,2,A
E0,2024-05-15,Brighton,Chelsea,1,2,A
E0,2024-05-15,Man United,Newcastle,3,2,H
E0,2024-05-19,Arsenal,Everton,2,1,H
E0,2024-05-19,Brentford,Newcastle,2,4,A
E0,2024-05-19,Brighton,Man United,0,2,A
E0,2024-05-19,Burnley,Nott'm Forest,1,2,A
E0,2024-05-19,Chelsea,Bournemouth,2,1,H
E0,2024-05-19,Crystal Palace,Aston Villa,5,0,H
E0,2024-05-19,Liverpool,Wolves,2,0,H
E0,2024-05-19,Luton,Fulham,2,4,A
E0,2024-05-19,Man City,West Ham,3,1,H
E0,2024-05-19,Sheffield United,Tottenham,0,3,A
D1,2023-08-18,Werder Bremen,Bayern Munich,0,4,A
D1,2023-08-19,Augsburg,M'gladbach,4,4,D
D1,2023-08-19,Hoffenheim,Freiburg,1,2,A
D1,2023-08-19,Leverkusen,RB Leipzig,3,2,H
D1,2023-08-19,Stuttgart,Bochum,5,0,H
D1,2023-08-19,Wolfsburg,Heidenheim,2,0,H
D1,2023-08-19,Dortmund,FC Koln,1,0,H
D1,2023-08-20,Union Berlin,Mainz,4,1,H
D1,2023-08-20,Ein Frankfurt,Darmstadt,1,0,H
D1,2023-08-25,RB Leipzig,Stuttgart,5,1,H
D1,2023-08-26,Bochum,Dortmund,1,1,D
D1,2023-08-26,Darmstadt,Union Berlin,1,4,A
D1,2023-08-26,FC Koln,Wolfsburg,1,2,A
D1,2023-08-26,Freiburg,Werder Bremen,1,0,H
D1,2023-08-26,Heidenheim,Hoffenheim,2,3,A
D1,2023-08-26,M'gladbach,Leverkusen,0,3,A
D1,2023-08-27,Mainz,Ein Frankfurt,1,1,D
D1,2023-08-27,Bayern Munich,Augsburg,3,1,H
D1,2023-09-01,Dortmund,Heidenheim,2,2,D
D1,2023-09-02,Augsburg,Bochum,2,2,D
D1,2023-09-02,Hoffenheim,Wolfsburg,3,1,H
D1,2023-09-02,Leverkusen,Darmstadt,5,1,H
D1,2023-09-02,Stuttgart,Freiburg,5,0,H
D1,2023-09-02,Werder Bremen,Mainz,4,0,H
D1,2023-09-02,M'gladbach,Bayern Munich,1,2,A
D1,2023-09-03,Ein Frankfurt,FC Koln,1,1,D
D1,2023-09-03,Union Berlin,RB Leipzig,0,3,A
D1,2023-09-15,Bayern Munich,Leverkusen,2,2,D
D1,2023-09-16,FC Koln,Hoffenheim,1,3,A
D1,2023-09-16,Freiburg,Dortmund,2,4,A
D1,2023-09-16,Mainz,Stuttgart,1,3,A
D1,2023-09-16,RB Leipzig,Augsburg,3,0,H
D1,2023-09-16,Wolfsburg,Union Berlin,2,1,H
D1,2023-09-16,Bochum,Ein Frankfurt,1,1,D
D1,2023-09-17,Heidenheim,Werder Bremen,4,2,H
D1,2023-09-17,Darmstadt,M'gladbach,3,3,D
D1,2023-09-22,Stuttgart,Darmstadt,3,1,H
D1,2023-09-23,Augsburg,Mainz,2,1,H
D1,2023-09-23,Bayern Munich,Bochum,7,0,H
D1,2023-09-23,Dortmund,Wolfsburg,1,0,H
D1,2023-09-23,M'gladbach,RB Leipzig,0,1,A
D1,2023-09-23,Union Berlin,Hoffenheim,0,2,A
D1,2023-09-23,Werder Bremen,FC Koln,2,1,H
D1,2023-09-24,Leverkusen,Heidenheim,4,1,H
D1,2023-09-24,Ein Frankfurt,Freiburg,0,0,D
D1,2023-09-29,Hoffenheim,Dortmund,1,3,A
D1,2023-09-30,Bochum,M'gladbach,1,3,A
D1,2023-09-30,FC Koln,Stuttgart,0,2,A
D1,2023-09-30,Heidenheim,Union Berlin,1,0,H
D1,2023-09-30,Mainz,Leverkusen,0,3,A
D1,2023-09-30,Wolfsburg,Ein Frankfurt,2,0,H
D1,2023-09-30,RB Leipzig,Bayern Munich,2,2,D
D1,2023-10-01,Darmstadt,Werder Bremen,4,2,H
D1,2023-10-01,Freiburg,Augsburg,2,0,H
D1,2023-10-06,M'gladbach,Mainz,2,2,D
D1,2023-10-07,Augsburg,Darmstadt,1,2,A
D1,2023-10-07,Dortmund,Union Berlin,4,2,H
D1,2023-10-07,RB Leipzig,Bochum,0,0,D
D1,2023-10-07,Stuttgart,Wolfsburg,3,1,H
D1,2023-10-07,Werder Bremen,Hoffenheim,2,3,A
D1,2023-10-08,Leverkusen,FC Koln,3,0,H
D1,2023-10-08,Bayern Munich,Freiburg,3,0,H
D1,2023-10-08,Ein Frankfurt,Heidenheim,2,0,H
D1,2023-10-20,Dortmund,Werder Bremen,1,0,H
D1,2023-10-21,Darmstadt,RB Leipzig,1,3,A
D1,2023-10-21,Freiburg,Bochum,2,1,H
D1,2023-10-21,Hoffenheim,Ein Frankfurt,1,3,A
D1,2023-10-21,Union Berlin,Stuttgart,0,3,A
D1,2023-10-21,Wolfsburg,Leverkusen,1,2,A
D1,2023-10-21,Mainz,Bayern Munich,1,3,A
D1,2023-10-22,FC Koln,M'gladbach,3,1,H
D1,2023-10-22,Heidenheim,Augsburg,2,5,A
D1,2023-10-27,Bochum,Mainz,2,2,D
D1,2023-10-28,Augsburg,Wolfsburg,3,2,H
D1,2023-10-28,Bayern Munich,Darmstadt,8,0,H
D1,2023-10-28,M'gladbach,Heidenheim,2,1,H
D1,2023-10-28,Stuttgart,Hoffenheim,2,3,A
D1,2023-10-28,Werder Bremen,Union Berlin,2,0,H
D1,2023-10-28,RB Leipzig,FC Koln,6,0,H
D1,2023-10-29,Ein Frankfurt,Dortmund,3,3,D
D1,2023-10-29,Leverkusen,Freiburg,2,1,H
D1,2023-11-03,Darmstadt,Bochum,1,2,A
D1,2023-11-04,FC Koln,Augsburg,1,1,D
D1,2023-11-04,Freiburg,M'gladbach,3,3,D
D1,2023-11-04,Hoffenheim,Leverkusen,2,3,A
D1,2023-11-04,Mainz,RB Leipzig,2,0,H
D1,2023-11-04,Union Berlin,Ein Frankfurt,0,3,A
D1,2023-11-04,Dortmund,Bayern Munich,0,4,A
D1,2023-11-05,Wolfsburg,Werder Bremen,2,2,D
D1,2023-11-05,Heidenheim,Stuttgart,2,0,H
D1,2023-11-10,M'gladbach,Wolfsburg,4,0,H
D1,2023-11-11,Augsburg,Hoffenheim,1,1,D
D1,2023-11-11,Bayern Munich,Heidenheim,4,2,H
D1,2023-11-11,Darmstadt,Mainz,0,0,D
D1,2023-11-11,Stuttgart,Dortmund,2,1,H
D1,2023-11-11,Bochum,FC Koln,1,1,D
D1,2023-11-12,Leverkusen,Union Berlin,4,0,H
D1,2023-11-12,Werder Bremen,Ein Frankfurt,2,2,D
D1,2023-11-12,RB Leipzig,Freiburg,3,1,H
D1,2023-11-24,FC Koln,Bayern Munich,0,1,A
D1,2023-11-25,Dortmund,M'gladbach,4,2,H
D1,2023-11-25,Freiburg,Darmstadt,1,1,D
D1,2023-11-25,Union Berlin,Augsburg,1,1,D
D1,2023-11-25,Werder Bremen,Leverkusen,0,3,A
D1,2023-11-25,Wolfsburg,RB Leipzig,2,1,H
D1,2023-11-25,Ein Frankfurt,Stuttgart,1,2,A
D1,2023-11-26,Heidenheim,Bochum,0,0,D
D1,2023-11-26,Hoffenheim,Mainz,1,1,D
D1,2023-12-01,Darmstadt,FC Koln,0,1,A
D1,2023-12-02,Bochum,Wolfsburg,3,1,H
D1,2023-12-02,M'gladbach,Hoffenheim,2,1,H
D1,2023-12-02,RB Leipzig,Heidenheim,2,1,H
D1,2023-12-02,Stuttgart,Werder Bremen,2,0,H
D1,2023-12-03,Mainz,Freiburg,0,1,A
D1,2023-12-03,Leverkusen,Dortmund,1,1,D
D1,2023-12-03,Augsburg,Ein Frankfurt,2,1,H
D1,2023-12-08,Hoffenheim,Bochum,3,1,H
D1,2023-12-09,Ein Frankfurt,Bayern Munich,5,1,H
D1,2023-12-09,Heidenheim,Darmstadt,3,2,H
D1,2023-12-09,Union Berlin,M'gladbach,3,1,H
D1,2023-12-09,Werder Bremen,Augsburg,2,0,H
D1,2023-12-09,Wolfsburg,Freiburg,0,1,A
D1,2023-12-09,Dortmund,RB Leipzig,2,3,A
D1,2023-12-10,Stuttgart,Leverkusen,1,1,D
D1,2023-12-10,FC Koln,Mainz,0,0,D
D1,2023-12-15,M'gladbach,Werder Bremen,2,2,D
D1,2023-12-16,Augsburg,Dortmund,1,1,D
D1,2023-12-16,Bochum,Union Berlin,3,0,H
D1,2023-12-16,Darmstadt,Wolfsburg,0,1,A
D1,2023-12-16,Mainz,Heidenheim,0,1,A
D1,2023-12-16,RB Leipzig,Hoffenheim,3,1,H
D1,2023-12-17,Freiburg,FC Koln,2,0,H
D1,2023-12-17,Leverkusen,Ein Frankfurt,3,0,H
D1,2023-12-17,Bayern Munich,Stuttgart,3,0,H
D1,2023-12-19,Werder Bremen,RB Leipzig,1,1,D
D1,2023-12-19,Dortmund,Mainz,1,1,D
D1,2023-12-19,Hoffenheim,Darmstadt,3,3,D
D1,2023-12-20,Union Berlin,FC Koln,2,0,H
D1,2023-12-20,Ein Frankfurt,M'gladbach,2,1,H
D1,2023-12-20,Heidenheim,Freiburg,3,2,H
D1,2023-12-20,Leverkusen,Bochum,4,0,H
D1,2023-12-20,Stuttgart,Augsburg,3,0,H
D1,2023-12-20,Wolfsburg,Bayern Munich,1,2,A
D1,2024-01-12,Bayern Munich,Hoffenheim,3,0,H
D1,2024-01-13,Augsburg,Leverkusen,0,1,A
D1,2024-01-13,FC Koln,Heidenheim,1,1,D
D1,2024-01-13,Freiburg,Union Berlin,0,0,D
D1,2024-01-13,Mainz,Wolfsburg,1,1,D
D1,2024-01-13,RB Leipzig,Ein Frankfurt,0,1,A
D1,2024-01-13,Darmstadt,Dortmund,0,3,A
D1,2024-01-14,Bochum,Werder Bremen,1,1,D
D1,2024-01-14,M'gladbach,Stuttgart,3,1,H
D1,2024-01-20,Bochum,Stuttgart,1,0,H
D1,2024-01-20,Darmstadt,Ein Frankfurt,2,2,D
D1,2024-01-20,FC Koln,Dortmund,0,4,A
D1,2024-01-20,Freiburg,Hoffenheim,3,2,H
D1,2024-01-20,Heidenheim,Wolfsburg,1,1,D
D1,2024-01-20,RB Leipzig,Leverkusen,2,3,A
D1,2024-01-21,Bayern Munich,Werder Bremen,0,1,A
D1,2024-01-21,M'gladbach,Augsburg,1,2,A
D1,2024-01-24,Bayern Munich,Union Berlin,1,0,H
D1,2024-01-26,Ein Frankfurt,Mainz,1,0,H
D1,2024-01-27,Augsburg,Bayern Munich,2,3,A
D1,2024-01-27,Hoffenheim,Heidenheim,1,1,D
D1,2024-01-27,Stuttgart,RB Leipzig,5,2,H
D1,2024-01-27,Werder Bremen,Freiburg,3,1,H
D1,2024-01-27,Wolfsburg,FC Koln,1,1,D
D1,2024-01-27,Leverkusen,M'gladbach,0,0,D
D1,2024-01-28,Union Berlin,Darmstadt,1,0,H
D1,2024-01-28,Dortmund,Bochum,3,1,H
D1,2024-02-02,Heidenheim,Dortmund,0,0,D
D1,2024-02-03,Bayern Munich,M'gladbach,3,1,H
D1,2024-02-03,Bochum,Augsburg,1,1,D
D1,2024-02-03,Darmstadt,Leverkusen,0,2,A
D1,2024-02-03,Freiburg,Stuttgart,1,3,A
D1,2024-02-03,Mainz,Werder Bremen,0,1,A
D1,2024-02-03,FC Koln,Ein Frankfurt,2,0,H
D1,2024-02-04,Wolfsburg,Hoffenheim,2,2,D
D1,2024-02-04,RB Leipzig,Union Berlin,2,0,H
D1,2024-02-07,Mainz,Union Berlin,1,1,D
D1,2024-02-09,Dortmund,Freiburg,3,0,H
D1,2024-02-10,Augsburg,RB Leipzig,2,2,D
D1,2024-02-10,Ein Frankfurt,Bochum,1,1,D
D1,2024-02-10,M'gladbach,Darmstadt,0,0,D
D1,2024-02-10,Union Berlin,Wolfsburg,1,0,H
D1,2024-02-10,Werder Bremen,Heidenheim,1,2,A
D1,2024-02-10,Leverkusen,Bayern Munich,3,0,H
D1,2024-02-11,Stuttgart,Mainz,3,1,H
D1,2024-02-11,Hoffenheim,FC Koln,1,1,D
D1,2024-02-16,FC Koln,Werder Bremen,0,1,A
D1,2024-02-17,Darmstadt,Stuttgart,1,2,A
D1,2024-02-17,Heidenheim,Leverkusen,1,2,A
D1,2024-02-17,Hoffenheim,Union Berlin,0,1,A
D1,2024-02-17,Mainz,Augsburg,1,0,H
D1,2024-02-17,Wolfsburg,Dortmund,1,1,D
D1,2024-02-17,RB Leipzig,M'gladbach,2,0,H
D1,2024-02-18,Freiburg,Ein Frankfurt,3,3,D
D1,2024-02-18,Bochum,Bayern Munich,3,2,H
D1,2024-02-23,Leverkusen,Mainz,2,1,H
D1,2024-02-24,M'gladbach,Bochum,5,2,H
D1,2024-02-24,Stuttgart,FC Koln,1,1,D
D1,2024-02-24,Union Berlin,Heidenheim,2,2,D
D1,2024-02-24,Werder Bremen,Darmstadt,1,1,D
D1,2024-02-24,Bayern Munich,RB Leipzig,2,1,H
D1,2024-02-25,Ein Frankfurt,Wolfsburg,2,2,D
D1,2024-02-25,Dortmund,Hoffenheim,2,3,A
D1,2024-02-25,Augsburg,Freiburg,2,1,H
D1,2024-03-01,Freiburg,Bayern Munich,2,2,D
D1,2024-03-02,Bochum,RB Leipzig,1,4,A
D1,2024-03-02,Darmstadt,Augsburg,0,6,A
D1,2024-03-02,Heidenheim,Ein Frankfurt,1,2,A
D1,2024-03-02,Mainz,M'gladbach,1,1,D
D1,2024-03-02,Union Berlin,Dortmund,0,2,A
D1,2024-03-02,Wolfsburg,Stuttgart,2,3,A
D1,2024-03-03,FC Koln,Leverkusen,0,2,A
D1,2024-03-03,Hoffenheim,Werder Bremen,2,1,H
D1,2024-03-08,Stuttgart,Union Berlin,2,0,H
D1,2024-03-09,Augsburg,Heidenheim,1,0,H
D1,2024-03-09,Bayern Munich,Mainz,8,1,H
D1,2024-03-09,M'gladbach,FC Koln,3,3,D
D1,2024-03-09,RB Leipzig,Darmstadt,2,0,H
D1,2024-03-09,Werder Bremen,Dortmund,1,2,A
D1,2024-03-10,Bochum,Freiburg,1,2,A
D1,2024-03-10,Ein Frankfurt,Hoffenheim,3,1,H
D1,2024-03-10,Leverkusen,Wolfsburg,2,0,H
D1,2024-03-15,FC Koln,RB Leipzig,1,5,A
D1,2024-03-16,Darmstadt,Bayern Munich,2,5,A
D1,2024-03-16,Heidenheim,M'gladbach,1,1,D
D1,2024-03-16,Mainz,Bochum,2,0,H
D1,2024-03-16,Union Berlin,Werder Bremen,2,1,H
D1,2024-03-16,Wolfsburg,Augsburg,1,3,A
D1,2024-03-16,Hoffenheim,Stuttgart,0,3,A
D1,2024-03-17,Freiburg,Leverkusen,2,3,A
D1,2024-03-17,Dortmund,Ein Frankfurt,3,1,H
D1,2024-03-30,Ein Frankfurt,Union Berlin,0,0,D
D1,2024-03-30,Leverkusen,Hoffenheim,2,1,H
D1,2024-03-30,M'gladbach,Freiburg,0,3,A
D1,2024-03-30,RB Leipzig,Mainz,0,0,D
D1,2024-03-30,Werder Bremen,Wolfsburg,0,2,A
D1,2024-03-30,Bayern Munich,Dortmund,0,2,A
D1,2024-03-31,Augsburg,FC Koln,1,1,D
D1,2024-03-31,Stuttgart,Heidenheim,3,3,D
D1,2024-03-31,Bochum,Darmstadt,2,2,D
D1,2024-04-05,Ein Frankfurt,Werder Bremen,1,1,D
D1,2024-04-06,FC Koln,Bochum,2,1,H
D1,2024-04-06,Freiburg,RB Leipzig,1,4,A
D1,2024-04-06,Heidenheim,Bayern Munich,3,2,H
D1,2024-04-06,Mainz,Darmstadt,4,0,H
D1,2024-04-06,Union Berlin,Leverkusen,0,1,A
D1,2024-04-06,Dortmund,Stuttgart,0,1,A
D1,2024-04-07,Hoffenheim,Augsburg,3,1,H
D1,2024-04-07,Wolfsburg,M'gladbach,1,3,A
D1,2024-04-12,Augsburg,Union Berlin,2,0,H
D1,2024-04-13,Bayern Munich,FC Koln,2,0,H
D1,2024-04-13,Bochum,Heidenheim,1,1,D
D1,2024-04-13,Mainz,Hoffenheim,4,1,H
D1,2024-04-13,M'gladbach,Dortmund,1,2,A
D1,2024-04-13,RB Leipzig,Wolfsburg,3,0,H
D1,2024-04-13,Stuttgart,Ein Frankfurt,3,0,H
D1,2024-04-14,Darmstadt,Freiburg,0,1,A
D1,2024-04-14,Leverkusen,Werder Bremen,5,0,H
D1,2024-04-19,Ein Frankfurt,Augsburg,3,1,H
D1,2024-04-20,FC Koln,Darmstadt,0,2,A
D1,2024-04-20,Heidenheim,RB Leipzig,1,2,A
D1,2024-04-20,Hoffenheim,M'gladbach,4,3,H
D1,2024-04-20,Wolfsburg,Bochum,1,0,H
D1,2024-04-20,Union Berlin,Bayern Munich,1,5,A
D1,2024-04-21,Werder Bremen,Stuttgart,2,1,H
D1,2024-04-21,Dortmund,Leverkusen,1,1,D
D1,2024-04-21,Freiburg,Mainz,1,1,D
D1,2024-04-26,Bochum,Hoffenheim,3,2,H
D1,2024-04-27,Augsburg,Werder Bremen,0,3,A
D1,2024-04-27,Bayern Munich,Ein Frankfurt,2,1,H
D1,2024-04-27,Freiburg,Wolfsburg,1,2,A
D1,2024-04-27,RB Leipzig,Dortmund,4,1,H
D1,2024-04-27,Leverkusen,Stuttgart,2,2,D
D1,2024-04-28,M'gladbach,Union Berlin,0,0,D
D1,2024-04-28,Mainz,FC Koln,1,1,D
D1,2024-04-28,Darmstadt,Heidenheim,0,1,A
D1,2024-05-03,Hoffenheim,RB Leipzig,1,1,D
D1,2024-05-04,Dortmund,Augsburg,5,1,H
D1,2024-05-04,Stuttgart,Bayern Munich,3,1,H
D1,2024-05-04,Werder Bremen,M'gladbach,2,2,D
D1,2024-05-04,Wolfsburg,Darmstadt,3,0,H
D1,2024-05-04,FC Koln,Freiburg,0,0,D
D1,2024-05-05,Union Berlin,Bochum,3,4,A
D1,2024-05-05,Ein Frankfurt,Leverkusen,1,5,A
D1,2024-05-05,Heidenheim,Mainz,1,1,D
D1,2024-05-10,Augsburg,Stuttgart,0,1,A
D1,2024-05-11,FC Koln,Union Berlin,3,2,H
D1,2024-05-11,Freiburg,Heidenheim,1,1,D
D1,2024-05-11,M'gladbach,Ein Frankfurt,1,1,D
D1,2024-05-11,RB Leipzig,Werder Bremen,1,1,D
D1,2024-05-11,Mainz,Dortmund,3,0,H
D1,2024-05-12,Darmstadt,Hoffenheim,0,6,A
D1,2024-05-12,Bayern Munich,Wolfsburg,2,0,H
D1,2024-05-12,Bochum,Leverkusen,0,5,A
D1,2024-05-18,Dortmund,Darmstadt,4,0,H
D1,2024-05-18,Ein Frankfurt,RB Leipzig,2,2,D
D1,2024-05-18,Heidenheim,FC Koln,4,1,H
D1,2024-05-18,Hoffenheim,Bayern Munich,4,2,H
D1,2024-05-18,Leverkusen,Augsburg,2,1,H
D1,2024-05-18,Stuttgart,M'gladbach,4,0,H
D1,2024-05-18,Union Berlin,Freiburg,2,1,H
D1,2024-05-18,Werder Bremen,Bochum,4,1,H
D1,2024-05-18,Wolfsburg,Mainz,1,3,A
I1,2025-08-23,Genoa,Lecce,0,0,D
I1,2025-08-23,Sassuolo,Napoli,0,2,A
I1,2025-08-23,Milan,Cremonese,1,2,A
I1,2025-08-23,Roma,Bologna,1,0,H
I1,2025-08-24,Cagliari,Fiorentina,1,1,D
I1,2025-08-24,Como,Lazio,2,0,H
I1,2025-08-24,Atalanta,Pisa,1,1,D
I1,2025-08-24,Juventus,Parma,2,0,H
I1,2025-08-25,Udinese,Verona,1,1,D
I1,2025-08-25,Inter,Torino,5,0,H
I1,2025-08-29,Cremonese,Sassuolo,3,2,H
I1,2025-08-29,Lecce,Milan,0,2,A
I1,2025-08-30,Bologna,Como,1,0,H
I1,2025-08-30,Parma,Atalanta,1,1,D
I1,2025-08-30,Napoli,Cagliari,1,0,H
I1,2025-08-30,Pisa,Roma,0,1,A
I1,2025-08-31,Genoa,Juventus,0,1,A
I1,2025-08-31,Torino,Fiorentina,0,0,D
I1,2025-08-31,Inter,Udinese,1,2,A
I1,2025-08-31,Lazio,Verona,4,0,H
I1,2025-09-13,Cagliari,Parma,2,0,H
I1,2025-09-13,Juventus,Inter,4,3,H
I1,2025-09-13,Fiorentina,Napoli,1,3,A
I1,2025-09-14,Roma,Torino,0,1,A
I1,2025-09-14,Atalanta,Lecce,4,1,H
I1,2025-09-14,Pisa,Udinese,0,1,A
I1,2025-09-14,Sassuolo,Lazio,1,0,H
I1,2025-09-14,Milan,Bologna,1,0,H
I1,2025-09-15,Verona,Cremonese,0,0,D
I1,2025-09-15,Como,Genoa,1,1,D
I1,2025-09-19,Lecce,Cagliari,1,2,A
I1,2025-09-20,Bologna,Genoa,2,1,H
I1,2025-09-20,Verona,Juventus,1,1,D
I1,2025-09-20,Udinese,Milan,0,3,A
I1,2025-09-21,Lazio,Roma,0,1,A
I1,2025-09-21,Cremonese,Parma,0,0,D
I1,2025-09-21,Torino,Atalanta,0,3,A
I1,2025-09-21,Fiorentina,Como,1,2,A
I1,2025-09-21,Inter,Sassuolo,2,1,H
I1,2025-09-22,Napoli,Pisa,3,2,H
I1,2025-09-27,Como,Cremonese,1,1,D
I1,2025-09-27,Juventus,Atalanta,1,1,D
I1,2025-09-27,Cagliari,Inter,0,2,A
I1,2025-09-28,Sassuolo,Udinese,3,1,H
I1,2025-09-28,Pisa,Fiorentina,0,0,D
I1,2025-09-28,Roma,Verona,2,0,H
I1,2025-09-28,Lecce,Bologna,2,2,D
I1,2025-09-28,Milan,Napoli,2,1,H
I1,2025-09-29,Parma,Torino,2,1,H
I1,2025-09-29,Genoa,Lazio,0,3,A
I1,2025-10-03,Verona,Sassuolo,0,1,A
I1,2025-10-04,Lazio,Torino,3,3,D
I1,2025-10-04,Parma,Lecce,0,1,A
I1,2025-10-04,Inter,Cremonese,4,1,H
I1,2025-10-04,Atalanta,Como,1,1,D
I1,2025-10-05,Udinese,Cagliari,1,1,D
I1,2025-10-05,Bologna,Pisa,4,0,H
I1,2025-10-05,Fiorentina,Roma,1,2,A
I1,2025-10-05,Napoli,Genoa,2,1,H
I1,2025-10-05,Juventus,Milan,0,0,D
I1,2025-10-18,Lecce,Sassuolo,0,0,D
I1,2025-10-18,Pisa,Verona,0,0,D
I1,2025-10-18,Torino,Napoli,1,0,H
I1,2025-10-18,Roma,Inter,0,1,A
I1,2025-10-19,Como,Juventus,2,0,H
I1,2025-10-19,Cagliari,Bologna,0,2,A
I1,2025-10-19,Genoa,Parma,0,0,D
I1,2025-10-19,Atalanta,Lazio,0,0,D
I1,2025-10-19,Milan,Fiorentina,2,1,H
I1,2025-10-20,Cremonese,Udinese,1,1,D
I1,2025-10-24,Milan,Pisa,2,2,D
I1,2025-10-25,Parma,Como,0,0,D
I1,2025-10-25,Udinese,Lecce,3,2,H
I1,2025-10-25,Napoli,Inter,3,1,H
I1,2025-10-25,Cremonese,Atalanta,1,1,D
I1,2025-10-26,Torino,Genoa,2,1,H
I1,2025-10-26,Sassuolo,Roma,0,1,A
I1,2025-10-26,Verona,Cagliari,2,2,D
I1,2025-10-26,Fiorentina,Bologna,2,2,D
I1,2025-10-26,Lazio,Juventus,1,0,H
I1,2025-10-28,Lecce,Napoli,0,1,A
I1,2025-10-28,Atalanta,Milan,1,1,D
I1,2025-10-29,Como,Verona,3,1,H
I1,2025-10-29,Juventus,Udinese,3,1,H
I1,2025-10-29,Roma,Parma,2,1,H
I1,2025-10-29,Bologna,Torino,0,0,D
I1,2025-10-29,Genoa,Cremonese,0,2,A
I1,2025-10-29,Inter,Fiorentina,3,0,H
I1,2025-10-30,Cagliari,Sassuolo,1,2,A
I1,2025-10-30,Pisa,Lazio,0,0,D
I1,2025-11-01,Udinese,Atalanta,1,0,H
I1,2025-11-01,Napoli,Como,0,0,D
I1,2025-11-01,Cremonese,Juventus,1,2,A
I1,2025-11-02,Verona,Inter,1,2,A
I1,2025-11-02,Fiorentina,Lecce,0,1,A
I1,2025-11-02,Torino,Pisa,2,2,D
I1,2025-11-02,Parma,Bologna,1,3,A
I1,2025-11-02,Milan,Roma,1,0,H
I1,2025-11-03,Sassuolo,Genoa,1,2,A
I1,2025-11-03,Lazio,Cagliari,2,0,H
I1,2025-11-07,Pisa,Cremonese,1,0,H
I1,2025-11-08,Como,Cagliari,0,0,D
I1,2025-11-08,Lecce,Verona,0,0,D
I1,2025-11-08,Juventus,Torino,0,0,D
I1,2025-11-08,Parma,Milan,2,2,D
I1,2025-11-09,Atalanta,Sassuolo,0,3,A
I1,2025-11-09,Bologna,Napoli,2,0,H
I1,2025-11-09,Genoa,Fiorentina,2,2,D
I1,2025-11-09,Roma,Udinese,2,0,H
I1,2025-11-09,Inter,Lazio,2,0,H
I1,2025-11-22,Cagliari,Genoa,3,3,D
I1,2025-11-22,Udinese,Bologna,0,3,A
I1,2025-11-22,Fiorentina,Juventus,1,1,D
I1,2025-11-22,Napoli,Atalanta,3,1,H
I1,2025-11-23,Verona,Parma,1,2,A
I1,2025-11-23,Cremonese,Roma,1,3,A
I1,2025-11-23,Lazio,Lecce,2,0,H
I1,2025-11-23,Inter,Milan,0,1,A
I1,2025-11-24,Torino,Como,1,5,A
I1,2025-11-24,Sassuolo,Pisa,2,2,D
I1,2025-11-28,Como,Sassuolo,2,0,H
I1,2025-11-29,Genoa,Verona,2,1,H
I1,2025-11-29,Parma,Udinese,0,2,A
I1,2025-11-29,Juventus,Cagliari,2,1,H
I1,2025-11-29,Milan,Lazio,1,0,H
I1,2025-11-30,Lecce,Torino,2,1,H
I1,2025-11-30,Pisa,Inter,0,2,A
I1,2025-11-30,Atalanta,Fiorentina,2,0,H
I1,2025-11-30,Roma,Napoli,0,1,A
I1,2025-12-01,Bologna,Cremonese,1,3,A
I1,2025-12-06,Sassuolo,Fiorentina,3,1,H
I1,2025-12-06,Inter,Como,4,0,H
I1,2025-12-06,Verona,Atalanta,3,1,H
I1,2025-12-07,Cremonese,Lecce,2,0,H
I1,2025-12-07,Cagliari,Roma,1,0,H
I1,2025-12-07,Lazio,Bologna,1,1,D
I1,2025-12-07,Napoli,Juventus,2,1,H
I1,2025-12-08,Pisa,Parma,0,1,A
I1,2025-12-08,Udinese,Genoa,1,2,A
I1,2025-12-08,Torino,Milan,2,3,A
I1,2025-12-12,Lecce,Pisa,1,0,H
I1,2025-12-13,Torino,Cremonese,1,0,H
I1,2025-12-13,Parma,Lazio,0,1,A
I1,2025-12-13,Atalanta,Cagliari,2,1,H
I1,2025-12-14,Milan,Sassuolo,2,2,D
I1,2025-12-14,Fiorentina,Verona,1,2,A
I1,2025-12-14,Udinese,Napoli,1,0,H
I1,2025-12-14,Genoa,Inter,1,2,A
I1,2025-12-14,Bologna,Juventus,0,1,A
I1,2025-12-15,Roma,Como,1,0,H
I1,2025-12-20,Lazio,Cremonese,0,0,D
I1,2025-12-20,Juventus,Roma,2,1,H
I1,2025-12-21,Cagliari,Pisa,2,2,D
I1,2025-12-21,Sassuolo,Torino,0,1,A
I1,2025-12-21,Fiorentina,Udinese,5,1,H
I1,2025-12-21,Genoa,Atalanta,0,1,A
I1,2025-12-27,Parma,Fiorentina,1,0,H
I1,2025-12-27,Lecce,Como,0,3,A
I1,2025-12-27,Torino,Cagliari,1,2,A
I1,2025-12-27,Udinese,Lazio,1,1,D
I1,2025-12-27,Pisa,Juventus,0,2,A
I1,2025-12-28,Milan,Verona,3,0,H
I1,2025-12-28,Cremonese,Napoli,0,2,A
I1,2025-12-28,Bologna,Sassuolo,1,1,D
I1,2025-12-28,Atalanta,Inter,0,1,A
I1,2025-12-29,Roma,Genoa,3,1,H
I1,2026-01-02,Cagliari,Milan,0,1,A
I1,2026-01-03,Como,Udinese,1,0,H
I1,2026-01-03,Genoa,Pisa,1,1,D
I1,2026-01-03,Sassuolo,Parma,1,1,D
I1,2026-01-03,Juventus,Lecce,1,1,D
I1,2026-01-03,Atalanta,Roma,1,0,H
I1,2026-01-04,Lazio,Napoli,0,2,A
I1,2026-01-04,Fiorentina,Cremonese,1,0,H
I1,2026-01-04,Verona,Torino,0,3,A
I1,2026-01-04,Inter,Bologna,3,1,H
I1,2026-01-06,Pisa,Como,0,3,A
I1,2026-01-06,Lecce,Roma,0,2,A
I1,2026-01-06,Sassuolo,Juventus,0,3,A
I1,2026-01-07,Bologna,Atalanta,0,2,A
I1,2026-01-07,Napoli,Verona,2,2,D
I1,2026-01-07,Lazio,Fiorentina,2,2,D
I1,2026-01-07,Parma,Inter,0,2,A
I1,2026-01-07,Torino,Udinese,1,2,A
I1,2026-01-08,Cremonese,Cagliari,2,2,D
I1,2026-01-08,Milan,Genoa,1,1,D
I1,2026-01-10,Como,Bologna,1,1,D
I1,2026-01-10,Udinese,Pisa,2,2,D
I1,2026-01-10,Roma,Sassuolo,2,0,H
I1,2026-01-10,Atalanta,Torino,2,0,H
I1,2026-01-11,Lecce,Parma,1,2,A
I1,2026-01-11,Fiorentina,Milan,1,1,D
I1,2026-01-11,Verona,Lazio,0,1,A
I1,2026-01-11,Inter,Napoli,2,2,D
I1,2026-01-12,Genoa,Cagliari,3,0,H
I1,2026-01-12,Juventus,Cremonese,5,0,H
I1,2026-01-14,Napoli,Parma,0,0,D
I1,2026-01-14,Inter,Lecce,1,0,H
I1,2026-01-15,Verona,Bologna,2,3,A
I1,2026-01-15,Como,Milan,1,3,A
I1,2026-01-16,Pisa,Atalanta,1,1,D
I1,2026-01-17,Udinese,Inter,0,1,A
I1,2026-01-17,Napoli,Sassuolo,1,0,H
I1,2026-01-17,Cagliari,Juventus,1,0,H
I1,2026-01-18,Parma,Genoa,0,0,D
I1,2026-01-18,Bologna,Fiorentina,1,2,A
I1,2026-01-18,Torino,Roma,0,2,A
I1,2026-01-18,Milan,Lecce,1,0,H
I1,2026-01-19,Cremonese,Verona,0,0,D
I1,2026-01-19,Lazio,Como,0,3,A
I1,2026-01-23,Inter,Pisa,6,2,H
I1,2026-01-24,Como,Torino,6,0,H
I1,2026-01-24,Fiorentina,Cagliari,1,2,A
I1,2026-01-24,Lecce,Lazio,0,0,D
I1,2026-01-25,Sassuolo,Cremonese,1,0,H
I1,2026-01-25,Atalanta,Parma,4,0,H
I1,2026-01-25,Genoa,Bologna,3,2,H
I1,2026-01-25,Juventus,Napoli,3,0,H
I1,2026-01-25,Roma,Milan,1,1,D
I1,2026-01-26,Verona,Udinese,1,3,A
SP1,2025-08-15,Girona,Vallecano,1,3,A
SP1,2025-08-15,Villarreal,Oviedo,2,0,H
SP1,2025-08-16,Mallorca,Barcelona,0,3,A
SP1,2025-08-16,Alaves,Levante,2,1,H
SP1,2025-08-16,Valencia,Sociedad,1,1,D
SP1,2025-08-17,Celta,Getafe,0,2,A
SP1,2025-08-17,Ath Bilbao,Sevilla,3,2,H
SP1,2025-08-17,Espanol,Ath Madrid,2,1,H
SP1,2025-08-18,Elche,Betis,1,1,D
SP1,2025-08-19,Real Madrid,Osasuna,1,0,H
SP1,2025-08-22,Betis,Alaves,1,0,H
SP1,2025-08-23,Mallorca,Celta,1,1,D
SP1,2025-08-23,Ath Madrid,Elche,1,1,D
SP1,2025-08-23,Levante,Barcelona,2,3,A
SP1,2025-08-24,Osasuna,Valencia,1,0,H
SP1,2025-08-24,Sociedad,Espanol,2,2,D
SP1,2025-08-24,Villarreal,Girona,5,0,H
SP1,2025-08-24,Oviedo,Real Madrid,0,3,A
SP1,2025-08-25,Ath Bilbao,Vallecano,1,0,H
SP1,2025-08-25,Sevilla,Getafe,1,2,A
SP1,2025-08-27,Celta,Betis,1,1,D
SP1,2025-08-29,Elche,Levante,2,0,H
SP1,2025-08-29,Valencia,Getafe,3,0,H
SP1,2025-08-30,Alaves,Ath Madrid,1,1,D
SP1,2025-08-30,Oviedo,Sociedad,1,0,H
SP1,2025-08-30,Girona,Sevilla,0,2,A
SP1,2025-08-30,Real Madrid,Mallorca,2,1,H
SP1,2025-08-31,Celta,Villarreal,1,1,D
SP1,2025-08-31,Betis,Ath Bilbao,1,2,A
SP1,2025-08-31,Espanol,Osasuna,1,0,H
SP1,2025-08-31,Vallecano,Barcelona,1,1,D
SP1,2025-09-12,Sevilla,Elche,2,2,D
SP1,2025-09-13,Getafe,Oviedo,2,0,H
SP1,2025-09-13,Sociedad,Real Madrid,1,2,A
SP1,2025-09-13,Ath Bilbao,Alaves,0,1,A
SP1,2025-09-13,Ath Madrid,Villarreal,2,0,H
SP1,2025-09-14,Celta,Girona,1,1,D
SP1,2025-09-14,Levante,Betis,2,2,D
SP1,2025-09-14,Osasuna,Vallecano,2,0,H
SP1,2025-09-14,Barcelona,Valencia,6,0,H
SP1,2025-09-15,Espanol,Mallorca,3,2,H
SP1,2025-09-19,Betis,Sociedad,3,1,H
SP1,2025-09-20,Girona,Levante,0,4,A
SP1,2025-09-20,Real Madrid,Espanol,2,0,H
SP1,2025-09-20,Alaves,Sevilla,1,2,A
SP1,2025-09-20,Villarreal,Osasuna,2,1,H
SP1,2025-09-20,Valencia,Ath Bilbao,2,0,H
SP1,2025-09-21,Vallecano,Celta,1,1,D
SP1,2025-09-21,Mallorca,Ath Madrid,1,1,D
SP1,2025-09-21,Elche,Oviedo,1,0,H
SP1,2025-09-21,Barcelona,Getafe,3,0,H
SP1,2025-09-23,Ath Bilbao,Girona,1,1,D
SP1,2025-09-23,Espanol,Valencia,2,2,D
SP1,2025-09-23,Levante,Real Madrid,1,4,A
SP1,2025-09-23,Sevilla,Villarreal,1,2,A
SP1,2025-09-24,Getafe,Alaves,1,1,D
SP1,2025-09-24,Ath Madrid,Vallecano,3,2,H
SP1,2025-09-24,Sociedad,Mallorca,1,0,H
SP1,2025-09-25,Osasuna,Elche,1,1,D
SP1,2025-09-25,Oviedo,Barcelona,1,3,A
SP1,2025-09-26,Girona,Espanol,0,0,D
SP1,2025-09-27,Getafe,Levante,1,1,D
SP1,2025-09-27,Ath Madrid,Real Madrid,5,2,H
SP1,2025-09-27,Mallorca,Alaves,1,0,H
SP1,2025-09-27,Villarreal,Ath Bilbao,1,0,H
SP1,2025-09-28,Vallecano,Sevilla,0,1,A
SP1,2025-09-28,Elche,Celta,2,1,H
SP1,2025-09-28,Barcelona,Sociedad,2,1,H
SP1,2025-09-28,Betis,Osasuna,2,0,H
SP1,2025-09-30,Valencia,Oviedo,1,2,A
SP1,2025-10-03,Osasuna,Getafe,2,1,H
SP1,2025-10-04,Oviedo,Levante,0,2,A
SP1,2025-10-04,Girona,Valencia,2,1,H
SP1,2025-10-04,Ath Bilbao,Mallorca,2,1,H
SP1,2025-10-04,Real Madrid,Villarreal,3,1,H
SP1,2025-10-05,Alaves,Elche,3,1,H
SP1,2025-10-05,Sevilla,Barcelona,4,1,H
SP1,2025-10-05,Espanol,Betis,1,2,A
SP1,2025-10-05,Sociedad,Vallecano,0,1,A
SP1,2025-10-05,Celta,Ath Madrid,1,1,D
SP1,2025-10-17,Oviedo,Espanol,0,2,A
SP1,2025-10-18,Sevilla,Mallorca,1,3,A
SP1,2025-10-18,Barcelona,Girona,2,1,H
SP1,2025-10-18,Villarreal,Betis,2,2,D
SP1,2025-10-18,Ath Madrid,Osasuna,1,0,H
SP1,2025-10-19,Elche,Ath Bilbao,0,0,D
SP1,2025-10-19,Celta,Sociedad,1,1,D
SP1,2025-10-19,Levante,Vallecano,0,3,A
SP1,2025-10-19,Getafe,Real Madrid,0,1,A
SP1,2025-10-20,Alaves,Valencia,0,0,D
SP1,2025-10-24,Sociedad,Sevilla,2,1,H
SP1,2025-10-25,Girona,Oviedo,3,3,D
SP1,2025-10-25,Espanol,Elche,1,0,H
SP1,2025-10-25,Ath Bilbao,Getafe,0,1,A
SP1,2025-10-25,Valencia,Villarreal,0,2,A
SP1,2025-10-26,Mallorca,Levante,1,1,D
SP1,2025-10-26,Real Madrid,Barcelona,2,1,H
SP1,2025-10-26,Osasuna,Celta,2,3,A
SP1,2025-10-26,Vallecano,Alaves,1,0,H
SP1,2025-10-27,Betis,Ath Madrid,0,2,A
SP1,2025-10-31,Getafe,Girona,2,1,H
SP1,2025-11-01,Villarreal,Vallecano,4,0,H
SP1,2025-11-01,Ath Madrid,Sevilla,3,0,H
SP1,2025-11-01,Sociedad,Ath Bilbao,3,2,H
SP1,2025-11-01,Real Madrid,Valencia,4,0,H
SP1,2025-11-02,Levante,Celta,1,2,A
SP1,2025-11-02,Alaves,Espanol,2,1,H
SP1,2025-11-02,Barcelona,Elche,3,1,H
SP1,2025-11-02,Betis,Mallorca,3,0,H
SP1,2025-11-03,Oviedo,Osasuna,0,0,D
SP1,2025-11-07,Elche,Sociedad,1,1,D
SP1,2025-11-08,Girona,Alaves,1,0,H
SP1,2025-11-08,Sevilla,Osasuna,1,0,H
SP1,2025-11-08,Ath Madrid,Levante,3,1,H
SP1,2025-11-08,Espanol,Villarreal,0,2,A
SP1,2025-11-09,Ath Bilbao,Oviedo,1,0,H
SP1,2025-11-09,Vallecano,Real Madrid,0,0,D
SP1,2025-11-09,Mallorca,Getafe,1,0,H
SP1,2025-11-09,Valencia,Betis,1,1,D
SP1,2025-11-09,Celta,Barcelona,2,4,A
SP1,2025-11-21,Valencia,Levante,1,0,H
SP1,2025-11-22,Alaves,Celta,0,1,A
SP1,2025-11-22,Barcelona,Ath Bilbao,4,0,H
SP1,2025-11-22,Osasuna,Sociedad,1,3,A
SP1,2025-11-22,Villarreal,Mallorca,2,1,H
SP1,2025-11-23,Oviedo,Vallecano,0,0,D
SP1,2025-11-23,Betis,Girona,1,1,D
SP1,2025-11-23,Getafe,Ath Madrid,0,1,A
SP1,2025-11-23,Elche,Real Madrid,2,2,D
SP1,2025-11-24,Espanol,Sevilla,2,1,H
SP1,2025-11-28,Getafe,Elche,1,0,H
SP1,2025-11-29,Mallorca,Osasuna,2,2,D
SP1,2025-11-29,Barcelona,Alaves,3,1,H
SP1,2025-11-29,Levante,Ath Bilbao,0,2,A
SP1,2025-11-29,Ath Madrid,Oviedo,2,0,H
SP1,2025-11-30,Sociedad,Villarreal,2,3,A
SP1,2025-11-30,Sevilla,Betis,0,2,A
SP1,2025-11-30,Celta,Espanol,0,1,A
SP1,2025-11-30,Girona,Real Madrid,1,1,D
SP1,2025-12-01,Vallecano,Valencia,1,1,D
SP1,2025-12-02,Barcelona,Ath Madrid,3,1,H
SP1,2025-12-03,Ath Bilbao,Real Madrid,0,3,A
SP1,2025-12-05,Oviedo,Mallorca,0,0,D
SP1,2025-12-06,Villarreal,Getafe,2,0,H
SP1,2025-12-06,Alaves,Sociedad,1,0,H
SP1,2025-12-06,Betis,Barcelona,3,5,A
SP1,2025-12-06,Ath Bilbao,Ath Madrid,1,0,H
SP1,2025-12-07,Elche,Girona,3,0,H
SP1,2025-12-07,Valencia,Sevilla,1,1,D
SP1,2025-12-07,Espanol,Vallecano,1,0,H
SP1,2025-12-07,Real Madrid,Celta,0,2,A
SP1,2025-12-08,Osasuna,Levante,2,0,H
SP1,2025-12-12,Sociedad,Girona,1,2,A
SP1,2025-12-13,Ath Madrid,Valencia,2,1,H
SP1,2025-12-13,Mallorca,Elche,3,1,H
SP1,2025-12-13,Barcelona,Osasuna,2,0,H
SP1,2025-12-13,Getafe,Espanol,0,1,A
SP1,2025-12-14,Sevilla,Oviedo,4,0,H
SP1,2025-12-14,Celta,Ath Bilbao,2,0,H
SP1,2025-12-14,Alaves,Real Madrid,1,2,A
SP1,2025-12-15,Vallecano,Betis,0,0,D
SP1,2025-12-19,Valencia,Mallorca,1,1,D
SP1,2025-12-20,Oviedo,Celta,0,0,D
SP1,2025-12-20,Levante,Sociedad,1,1,D
SP1,2025-12-20,Osasuna,Alaves,3,0,H
SP1,2025-12-20,Real Madrid,Sevilla,2,0,H
SP1,2025-12-21,Girona,Ath Madrid,0,3,A
SP1,2025-12-21,Villarreal,Barcelona,0,2,A
SP1,2025-12-21,Elche,Vallecano,4,0,H
SP1,2025-12-21,Betis,Getafe,4,0,H
SP1,2025-12-22,Ath Bilbao,Espanol,1,2,A
SP1,2026-01-02,Vallecano,Getafe,1,1,D
SP1,2026-01-03,Celta,Valencia,4,1,H
SP1,2026-01-03,Osasuna,Ath Bilbao,1,1,D
SP1,2026-01-03,Elche,Villarreal,1,3,A
SP1,2026-01-03,Espanol,Barcelona,0,2,A
SP1,2026-01-04,Sevilla,Levante,0,3,A
SP1,2026-01-04,Real Madrid,Betis,5,1,H
SP1,2026-01-04,Alaves,Oviedo,1,1,D
SP1,2026-01-04,Mallorca,Girona,1,2,A
SP1,2026-01-04,Sociedad,Ath Madrid,1,1,D
SP1,2026-01-09,Getafe,Sociedad,1,2,A
SP1,2026-01-10,Oviedo,Betis,1,1,D
SP1,2026-01-10,Villarreal,Alaves,3,1,H
SP1,2026-01-10,Girona,Osasuna,1,0,H
SP1,2026-01-10,Valencia,Elche,1,1,D
SP1,2026-01-11,Vallecano,Mallorca,2,1,H
SP1,2026-01-11,Levante,Espanol,1,1,D
SP1,2026-01-12,Sevilla,Celta,0,1,A
SP1,2026-01-16,Espanol,Girona,0,2,A
SP1,2026-01-17,Real Madrid,Levante,2,0,H
SP1,2026-01-17,Mallorca,Ath Bilbao,3,2,H
SP1,2026-01-17,Osasuna,Oviedo,3,2,H
SP1,2026-01-17,Betis,Villarreal,2,0,H
SP1,2026-01-18,Getafe,Valencia,0,1,A
SP1,2026-01-18,Ath Madrid,Alaves,1,0,H
SP1,2026-01-18,Celta,Vallecano,3,0,H
SP1,2026-01-18,Sociedad,Barcelona,2,1,H
SP1,2026-01-19,Elche,Sevilla,2,2,D
SP1,2026-01-23,Levante,Elche,3,2,H
SP1,2026-01-24,Vallecano,Osasuna,1,3,A
SP1,2026-01-24,Valencia,Espanol,3,2,H
SP1,2026-01-24,Sevilla,Ath Bilbao,2,1,H
SP1,2026-01-24,Villarreal,Real Madrid,0,2,A
SP1,2026-01-25,Ath Madrid,Mallorca,3,0,H
SP1,2026-01-25,Barcelona,Oviedo,3,0,H
SP1,2026-01-25,Sociedad,Celta,3,1,H
SP1,2026-01-25,Alaves,Betis,2,1,H
SP1,2026-01-26,Girona,Getafe,1,1,D
